
Circuit 1 cell sky130_fd_pr__nfet_01v8 and Circuit 2 cell sky130_fd_pr__nfet_01v8 are black boxes.
Warning: Equate pins:  cell sky130_fd_pr__nfet_01v8 is a placeholder, treated as a black box.
Warning: Equate pins:  cell sky130_fd_pr__nfet_01v8 is a placeholder, treated as a black box.

Subcircuit pins:
Circuit 1: sky130_fd_pr__nfet_01v8         |Circuit 2: sky130_fd_pr__nfet_01v8         
-------------------------------------------|-------------------------------------------
1                                          |1                                          
2                                          |2                                          
3                                          |3                                          
4                                          |4                                          
---------------------------------------------------------------------------------------
Cell pin lists are equivalent.
Device classes sky130_fd_pr__nfet_01v8 and sky130_fd_pr__nfet_01v8 are equivalent.

Circuit 1 cell sky130_fd_pr__pfet_01v8 and Circuit 2 cell sky130_fd_pr__pfet_01v8 are black boxes.
Warning: Equate pins:  cell sky130_fd_pr__pfet_01v8 is a placeholder, treated as a black box.
Warning: Equate pins:  cell sky130_fd_pr__pfet_01v8 is a placeholder, treated as a black box.

Subcircuit pins:
Circuit 1: sky130_fd_pr__pfet_01v8         |Circuit 2: sky130_fd_pr__pfet_01v8         
-------------------------------------------|-------------------------------------------
1                                          |1                                          
2                                          |2                                          
3                                          |3                                          
4                                          |4                                          
---------------------------------------------------------------------------------------
Cell pin lists are equivalent.
Device classes sky130_fd_pr__pfet_01v8 and sky130_fd_pr__pfet_01v8 are equivalent.
Flattening unmatched subcell charge_dac in circuit gemm_tapeout (1)(3 instances)
Flattening unmatched subcell charge_dac_sw in circuit gemm_tapeout (1)(24 instances)
Flattening unmatched subcell gemm_sh_sw in circuit gemm_tapeout (1)(3 instances)
Flattening unmatched subcell imc_crossbar in circuit gemm_tapeout (1)(1 instance)
Flattening unmatched subcell imc_crossbar_rst_sw in circuit gemm_tapeout (1)(3 instances)
Flattening unmatched subcell imc_crossbar_xpt_cap in circuit gemm_tapeout (1)(9 instances)
Flattening unmatched subcell imc_crossbar_xpt_cap_sw in circuit gemm_tapeout (1)(36 instances)
Flattening unmatched subcell interleaved_adc in circuit gemm_tapeout (1)(1 instance)
Flattening unmatched subcell iadc_mux_sw in circuit gemm_tapeout (1)(4 instances)
Flattening unmatched subcell iadc_cdac in circuit gemm_tapeout (1)(2 instances)
Flattening unmatched subcell iadc_cdac_sw in circuit gemm_tapeout (1)(8 instances)
Flattening unmatched subcell iadc_sar_inv in circuit gemm_tapeout (1)(32 instances)
Flattening unmatched subcell async_ctrl in circuit gemm_tapeout (1)(1 instance)
Flattening unmatched subcell rst_delay in circuit gemm_tapeout (1)(1 instance)
Flattening unmatched subcell settle_delay in circuit gemm_tapeout (1)(1 instance)

Cell gemm_tapeout_flat (0) disconnected node: clk
Cell gemm_tapeout_flat (0) disconnected node: ena
Cell gemm_tapeout_flat (0) disconnected node: rst_n
Cell gemm_tapeout_flat (0) disconnected node: ui_in[0]
Cell gemm_tapeout_flat (0) disconnected node: ui_in[1]
Cell gemm_tapeout_flat (0) disconnected node: ui_in[2]
Cell gemm_tapeout_flat (0) disconnected node: ui_in[3]
Cell gemm_tapeout_flat (0) disconnected node: ui_in[4]
Cell gemm_tapeout_flat (0) disconnected node: ui_in[5]
Cell gemm_tapeout_flat (0) disconnected node: ui_in[6]
Cell gemm_tapeout_flat (0) disconnected node: ui_in[7]
Cell gemm_tapeout_flat (0) disconnected node: uio_in[0]
Cell gemm_tapeout_flat (0) disconnected node: uio_in[1]
Cell gemm_tapeout_flat (0) disconnected node: uio_in[2]
Cell gemm_tapeout_flat (0) disconnected node: uio_in[3]
Cell gemm_tapeout_flat (0) disconnected node: uio_in[4]
Cell gemm_tapeout_flat (0) disconnected node: uio_in[5]
Cell gemm_tapeout_flat (0) disconnected node: uio_in[6]
Cell gemm_tapeout_flat (0) disconnected node: uio_in[7]
Cell gemm_tapeout_flat (0) disconnected node: uo_out[0]
Cell gemm_tapeout_flat (0) disconnected node: uo_out[1]
Cell gemm_tapeout_flat (0) disconnected node: uo_out[2]
Cell gemm_tapeout_flat (0) disconnected node: uo_out[3]
Cell gemm_tapeout_flat (0) disconnected node: uo_out[4]
Cell gemm_tapeout_flat (0) disconnected node: uo_out[5]
Cell gemm_tapeout_flat (0) disconnected node: uo_out[6]
Cell gemm_tapeout_flat (0) disconnected node: uo_out[7]
Cell gemm_tapeout_flat (0) disconnected node: uio_out[0]
Cell gemm_tapeout_flat (0) disconnected node: uio_out[1]
Cell gemm_tapeout_flat (0) disconnected node: uio_out[2]
Cell gemm_tapeout_flat (0) disconnected node: uio_out[3]
Cell gemm_tapeout_flat (0) disconnected node: uio_out[4]
Cell gemm_tapeout_flat (0) disconnected node: uio_out[5]
Cell gemm_tapeout_flat (0) disconnected node: uio_out[6]
Cell gemm_tapeout_flat (0) disconnected node: uio_out[7]
Cell gemm_tapeout_flat (0) disconnected node: uio_oe[0]
Cell gemm_tapeout_flat (0) disconnected node: uio_oe[1]
Cell gemm_tapeout_flat (0) disconnected node: uio_oe[2]
Cell gemm_tapeout_flat (0) disconnected node: uio_oe[3]
Cell gemm_tapeout_flat (0) disconnected node: uio_oe[4]
Cell gemm_tapeout_flat (0) disconnected node: uio_oe[5]
Cell gemm_tapeout_flat (0) disconnected node: uio_oe[6]
Cell gemm_tapeout_flat (0) disconnected node: uio_oe[7]
Cell gemm_tapeout_flat (0) disconnected node: VPWR
Cell gemm_tapeout_flat (0) disconnected node: VGND
Cell gemm_tapeout (1) disconnected node: clk
Cell gemm_tapeout (1) disconnected node: ena
Cell gemm_tapeout (1) disconnected node: rst_n
Cell gemm_tapeout (1) disconnected node: ui_in[0]
Cell gemm_tapeout (1) disconnected node: ui_in[1]
Cell gemm_tapeout (1) disconnected node: ui_in[2]
Cell gemm_tapeout (1) disconnected node: ui_in[3]
Cell gemm_tapeout (1) disconnected node: ui_in[4]
Cell gemm_tapeout (1) disconnected node: ui_in[5]
Cell gemm_tapeout (1) disconnected node: ui_in[6]
Cell gemm_tapeout (1) disconnected node: ui_in[7]
Cell gemm_tapeout (1) disconnected node: uio_in[0]
Cell gemm_tapeout (1) disconnected node: uio_in[1]
Cell gemm_tapeout (1) disconnected node: uio_in[2]
Cell gemm_tapeout (1) disconnected node: uio_in[3]
Cell gemm_tapeout (1) disconnected node: uio_in[4]
Cell gemm_tapeout (1) disconnected node: uio_in[5]
Cell gemm_tapeout (1) disconnected node: uio_in[6]
Cell gemm_tapeout (1) disconnected node: uio_in[7]
Cell gemm_tapeout (1) disconnected node: uo_out[0]
Cell gemm_tapeout (1) disconnected node: uo_out[1]
Cell gemm_tapeout (1) disconnected node: uo_out[2]
Cell gemm_tapeout (1) disconnected node: uo_out[3]
Cell gemm_tapeout (1) disconnected node: uo_out[4]
Cell gemm_tapeout (1) disconnected node: uo_out[5]
Cell gemm_tapeout (1) disconnected node: uo_out[6]
Cell gemm_tapeout (1) disconnected node: uo_out[7]
Cell gemm_tapeout (1) disconnected node: uio_out[0]
Cell gemm_tapeout (1) disconnected node: uio_out[1]
Cell gemm_tapeout (1) disconnected node: uio_out[2]
Cell gemm_tapeout (1) disconnected node: uio_out[3]
Cell gemm_tapeout (1) disconnected node: uio_out[4]
Cell gemm_tapeout (1) disconnected node: uio_out[5]
Cell gemm_tapeout (1) disconnected node: uio_out[6]
Cell gemm_tapeout (1) disconnected node: uio_out[7]
Cell gemm_tapeout (1) disconnected node: uio_oe[0]
Cell gemm_tapeout (1) disconnected node: uio_oe[1]
Cell gemm_tapeout (1) disconnected node: uio_oe[2]
Cell gemm_tapeout (1) disconnected node: uio_oe[3]
Cell gemm_tapeout (1) disconnected node: uio_oe[4]
Cell gemm_tapeout (1) disconnected node: uio_oe[5]
Cell gemm_tapeout (1) disconnected node: uio_oe[6]
Cell gemm_tapeout (1) disconnected node: uio_oe[7]
Cell gemm_tapeout (1) disconnected node: VPWR
Cell gemm_tapeout (1) disconnected node: VGND
Class gemm_tapeout_flat (0):  Merged 400 parallel devices.
Class gemm_tapeout (1):  Merged 2 parallel devices.
Cell gemm_tapeout_flat (0) disconnected node: clk
Cell gemm_tapeout_flat (0) disconnected node: ena
Cell gemm_tapeout_flat (0) disconnected node: rst_n
Cell gemm_tapeout_flat (0) disconnected node: ui_in[0]
Cell gemm_tapeout_flat (0) disconnected node: ui_in[1]
Cell gemm_tapeout_flat (0) disconnected node: ui_in[2]
Cell gemm_tapeout_flat (0) disconnected node: ui_in[3]
Cell gemm_tapeout_flat (0) disconnected node: ui_in[4]
Cell gemm_tapeout_flat (0) disconnected node: ui_in[5]
Cell gemm_tapeout_flat (0) disconnected node: ui_in[6]
Cell gemm_tapeout_flat (0) disconnected node: ui_in[7]
Cell gemm_tapeout_flat (0) disconnected node: uio_in[0]
Cell gemm_tapeout_flat (0) disconnected node: uio_in[1]
Cell gemm_tapeout_flat (0) disconnected node: uio_in[2]
Cell gemm_tapeout_flat (0) disconnected node: uio_in[3]
Cell gemm_tapeout_flat (0) disconnected node: uio_in[4]
Cell gemm_tapeout_flat (0) disconnected node: uio_in[5]
Cell gemm_tapeout_flat (0) disconnected node: uio_in[6]
Cell gemm_tapeout_flat (0) disconnected node: uio_in[7]
Cell gemm_tapeout_flat (0) disconnected node: uo_out[0]
Cell gemm_tapeout_flat (0) disconnected node: uo_out[1]
Cell gemm_tapeout_flat (0) disconnected node: uo_out[2]
Cell gemm_tapeout_flat (0) disconnected node: uo_out[3]
Cell gemm_tapeout_flat (0) disconnected node: uo_out[4]
Cell gemm_tapeout_flat (0) disconnected node: uo_out[5]
Cell gemm_tapeout_flat (0) disconnected node: uo_out[6]
Cell gemm_tapeout_flat (0) disconnected node: uo_out[7]
Cell gemm_tapeout_flat (0) disconnected node: uio_out[0]
Cell gemm_tapeout_flat (0) disconnected node: uio_out[1]
Cell gemm_tapeout_flat (0) disconnected node: uio_out[2]
Cell gemm_tapeout_flat (0) disconnected node: uio_out[3]
Cell gemm_tapeout_flat (0) disconnected node: uio_out[4]
Cell gemm_tapeout_flat (0) disconnected node: uio_out[5]
Cell gemm_tapeout_flat (0) disconnected node: uio_out[6]
Cell gemm_tapeout_flat (0) disconnected node: uio_out[7]
Cell gemm_tapeout_flat (0) disconnected node: uio_oe[0]
Cell gemm_tapeout_flat (0) disconnected node: uio_oe[1]
Cell gemm_tapeout_flat (0) disconnected node: uio_oe[2]
Cell gemm_tapeout_flat (0) disconnected node: uio_oe[3]
Cell gemm_tapeout_flat (0) disconnected node: uio_oe[4]
Cell gemm_tapeout_flat (0) disconnected node: uio_oe[5]
Cell gemm_tapeout_flat (0) disconnected node: uio_oe[6]
Cell gemm_tapeout_flat (0) disconnected node: uio_oe[7]
Cell gemm_tapeout_flat (0) disconnected node: VPWR
Cell gemm_tapeout_flat (0) disconnected node: VGND
Cell gemm_tapeout (1) disconnected node: clk
Cell gemm_tapeout (1) disconnected node: ena
Cell gemm_tapeout (1) disconnected node: rst_n
Cell gemm_tapeout (1) disconnected node: ui_in[0]
Cell gemm_tapeout (1) disconnected node: ui_in[1]
Cell gemm_tapeout (1) disconnected node: ui_in[2]
Cell gemm_tapeout (1) disconnected node: ui_in[3]
Cell gemm_tapeout (1) disconnected node: ui_in[4]
Cell gemm_tapeout (1) disconnected node: ui_in[5]
Cell gemm_tapeout (1) disconnected node: ui_in[6]
Cell gemm_tapeout (1) disconnected node: ui_in[7]
Cell gemm_tapeout (1) disconnected node: uio_in[0]
Cell gemm_tapeout (1) disconnected node: uio_in[1]
Cell gemm_tapeout (1) disconnected node: uio_in[2]
Cell gemm_tapeout (1) disconnected node: uio_in[3]
Cell gemm_tapeout (1) disconnected node: uio_in[4]
Cell gemm_tapeout (1) disconnected node: uio_in[5]
Cell gemm_tapeout (1) disconnected node: uio_in[6]
Cell gemm_tapeout (1) disconnected node: uio_in[7]
Cell gemm_tapeout (1) disconnected node: uo_out[0]
Cell gemm_tapeout (1) disconnected node: uo_out[1]
Cell gemm_tapeout (1) disconnected node: uo_out[2]
Cell gemm_tapeout (1) disconnected node: uo_out[3]
Cell gemm_tapeout (1) disconnected node: uo_out[4]
Cell gemm_tapeout (1) disconnected node: uo_out[5]
Cell gemm_tapeout (1) disconnected node: uo_out[6]
Cell gemm_tapeout (1) disconnected node: uo_out[7]
Cell gemm_tapeout (1) disconnected node: uio_out[0]
Cell gemm_tapeout (1) disconnected node: uio_out[1]
Cell gemm_tapeout (1) disconnected node: uio_out[2]
Cell gemm_tapeout (1) disconnected node: uio_out[3]
Cell gemm_tapeout (1) disconnected node: uio_out[4]
Cell gemm_tapeout (1) disconnected node: uio_out[5]
Cell gemm_tapeout (1) disconnected node: uio_out[6]
Cell gemm_tapeout (1) disconnected node: uio_out[7]
Cell gemm_tapeout (1) disconnected node: uio_oe[0]
Cell gemm_tapeout (1) disconnected node: uio_oe[1]
Cell gemm_tapeout (1) disconnected node: uio_oe[2]
Cell gemm_tapeout (1) disconnected node: uio_oe[3]
Cell gemm_tapeout (1) disconnected node: uio_oe[4]
Cell gemm_tapeout (1) disconnected node: uio_oe[5]
Cell gemm_tapeout (1) disconnected node: uio_oe[6]
Cell gemm_tapeout (1) disconnected node: uio_oe[7]
Cell gemm_tapeout (1) disconnected node: VPWR
Cell gemm_tapeout (1) disconnected node: VGND
Subcircuit summary:
Circuit 1: gemm_tapeout_flat               |Circuit 2: gemm_tapeout                    
-------------------------------------------|-------------------------------------------
sky130_fd_pr__pfet_01v8 (224->83)          |sky130_fd_pr__pfet_01v8 (221->220) **Misma 
sky130_fd_pr__nfet_01v8 (255->67)          |sky130_fd_pr__nfet_01v8 (223->222) **Misma 
sky130_fd_pr__cap_mim_m3_1 (78->7)         |(no matching element)                      
Number of devices: 157 **Mismatch**        |Number of devices: 442 **Mismatch**        
Number of nets: 294                        |Number of nets: 294                        
---------------------------------------------------------------------------------------
NET mismatches: Class fragments follow (with fanout counts):
Circuit 1: gemm_tapeout_flat               |Circuit 2: gemm_tapeout                    

---------------------------------------------------------------------------------------
Net: a_48260_31816#                        |Net: interleaved_adc:adc/u0_mux_sel_ab     
  sky130_fd_pr__pfet_01v8/(1|3) = 1        |  sky130_fd_pr__pfet_01v8/2 = 1            
                                           |                                           
Net: a_48124_31816#                        |Net: interleaved_adc:adc/u0_mux_sel_bb     
  sky130_fd_pr__pfet_01v8/(1|3) = 1        |  sky130_fd_pr__pfet_01v8/2 = 1            
                                           |                                           
Net: a_32260_26855#                        |Net: interleaved_adc:adc/u1_mux_sel_ab     
  sky130_fd_pr__pfet_01v8/(1|3) = 1        |  sky130_fd_pr__pfet_01v8/2 = 1            
                                           |                                           
Net: a_32124_26855#                        |Net: interleaved_adc:adc/u0_mux_sel_a      
  sky130_fd_pr__pfet_01v8/(1|3) = 1        |  sky130_fd_pr__nfet_01v8/2 = 1            
                                           |                                           
Net: a_15054_3738#                         |Net: interleaved_adc:adc/u0_mux_sel_b      
  sky130_fd_pr__pfet_01v8/(1|3) = 1        |  sky130_fd_pr__nfet_01v8/2 = 1            
                                           |                                           
Net: a_36220_3738#                         |Net: interleaved_adc:adc/u0_cdac_top       
  sky130_fd_pr__pfet_01v8/(1|3) = 1        |  sky130_fd_pr__nfet_01v8/2 = 1            
                                           |                                           
Net: a_36870_3738#                         |Net: interleaved_adc:adc/u1_mux_sel_a      
  sky130_fd_pr__pfet_01v8/(1|3) = 1        |  sky130_fd_pr__nfet_01v8/2 = 1            
                                           |                                           
Net: a_8607_3738#                          |Net: interleaved_adc:adc/u1_cdac_top       
  sky130_fd_pr__pfet_01v8/(1|3) = 1        |  sky130_fd_pr__nfet_01v8/2 = 1            
                                           |                                           
Net: a_28473_3738#                         |Net: interleaved_adc:adc/u0_drn_p          
  sky130_fd_pr__pfet_01v8/(1|3) = 1        |  sky130_fd_pr__nfet_01v8/(1|3) = 2        
                                           |                                           
Net: a_37520_3738#                         |Net: interleaved_adc:adc/u0_drn_n          
  sky130_fd_pr__pfet_01v8/(1|3) = 1        |  sky130_fd_pr__nfet_01v8/(1|3) = 2        
                                           |                                           
Net: a_29123_3738#                         |Net: interleaved_adc:adc/u1_drn_p          
  sky130_fd_pr__pfet_01v8/(1|3) = 1        |  sky130_fd_pr__nfet_01v8/(1|3) = 2        
                                           |                                           
Net: a_9161_3268#                          |Net: interleaved_adc:adc/u1_drn_n          
  sky130_fd_pr__pfet_01v8/(1|3) = 1        |  sky130_fd_pr__nfet_01v8/(1|3) = 2        
                                           |                                           
Net: a_12454_3738#                         |Net: dac0_out                              
  sky130_fd_pr__pfet_01v8/(1|3) = 1        |  sky130_fd_pr__nfet_01v8/(1|3) = 1        
                                           |  sky130_fd_pr__pfet_01v8/(1|3) = 1        
                                           |                                           
Net: a_29773_3738#                         |Net: dac1_out                              
  sky130_fd_pr__pfet_01v8/(1|3) = 1        |  sky130_fd_pr__nfet_01v8/(1|3) = 1        
                                           |  sky130_fd_pr__pfet_01v8/(1|3) = 1        
                                           |                                           
Net: a_9907_3738#                          |Net: dac2_out                              
  sky130_fd_pr__pfet_01v8/(1|3) = 1        |  sky130_fd_pr__nfet_01v8/(1|3) = 1        
                                           |  sky130_fd_pr__pfet_01v8/(1|3) = 1        
                                           |                                           
Net: a_13104_3738#                         |Net: adc_d0b0                              
  sky130_fd_pr__pfet_01v8/(1|3) = 1        |  sky130_fd_pr__nfet_01v8/(1|3) = 1        
                                           |  sky130_fd_pr__pfet_01v8/(1|3) = 1        
                                           |                                           
Net: a_13754_3738#                         |Net: adc_d0b1                              
  sky130_fd_pr__pfet_01v8/(1|3) = 1        |  sky130_fd_pr__nfet_01v8/(1|3) = 1        
                                           |  sky130_fd_pr__pfet_01v8/(1|3) = 1        
                                           |                                           
Net: a_9257_3738#                          |Net: adc_d0b2                              
  sky130_fd_pr__pfet_01v8/(1|3) = 1        |  sky130_fd_pr__nfet_01v8/(1|3) = 1        
                                           |  sky130_fd_pr__pfet_01v8/(1|3) = 1        
                                           |                                           
Net: a_31723_3738#                         |Net: adc_d0b3                              
  sky130_fd_pr__pfet_01v8/(1|3) = 1        |  sky130_fd_pr__nfet_01v8/(1|3) = 1        
                                           |  sky130_fd_pr__pfet_01v8/(1|3) = 1        
                                           |                                           
Net: a_13472_18627#                        |Net: adc_d1b0                              
  sky130_fd_pr__pfet_01v8/(1|3) = 1        |  sky130_fd_pr__nfet_01v8/(1|3) = 1        
                                           |  sky130_fd_pr__pfet_01v8/(1|3) = 1        
                                           |                                           
Net: a_13336_18597#                        |Net: adc_d1b1                              
  sky130_fd_pr__pfet_01v8/(1|3) = 1        |  sky130_fd_pr__nfet_01v8/(1|3) = 1        
                                           |  sky130_fd_pr__pfet_01v8/(1|3) = 1        
                                           |                                           
Net: a_32970_3738#                         |Net: adc_d1b2                              
  sky130_fd_pr__pfet_01v8/(1|3) = 1        |  sky130_fd_pr__nfet_01v8/(1|3) = 1        
                                           |  sky130_fd_pr__pfet_01v8/(1|3) = 1        
                                           |                                           
Net: a_31627_3268#                         |Net: adc_d1b3                              
  sky130_fd_pr__pfet_01v8/(1|3) = 1        |  sky130_fd_pr__nfet_01v8/(1|3) = 1        
                                           |  sky130_fd_pr__pfet_01v8/(1|3) = 1        
                                           |                                           
Net: a_5357_3738#                          |Net: done                                  
  sky130_fd_pr__pfet_01v8/(1|3) = 1        |  sky130_fd_pr__nfet_01v8/(1|3) = 1        
                                           |  sky130_fd_pr__pfet_01v8/(1|3) = 1        
                                           |                                           
Net: a_49286_14247#                        |Net: imc_crossbar:xbar/imc_crossbar_xpt_ca 
  sky130_fd_pr__pfet_01v8/(1|3) = 1        |  sky130_fd_pr__nfet_01v8/(1|3) = 1        
                                           |  sky130_fd_pr__pfet_01v8/(1|3) = 1        
                                           |                                           
Net: a_14404_3738#                         |Net: imc_crossbar:xbar/imc_crossbar_xpt_ca 
  sky130_fd_pr__pfet_01v8/(1|3) = 1        |  sky130_fd_pr__nfet_01v8/(1|3) = 1        
                                           |  sky130_fd_pr__pfet_01v8/(1|3) = 1        
                                           |                                           
Net: a_31073_3738#                         |Net: imc_crossbar:xbar/imc_crossbar_xpt_ca 
  sky130_fd_pr__pfet_01v8/(1|3) = 1        |  sky130_fd_pr__nfet_01v8/(1|3) = 1        
                                           |  sky130_fd_pr__pfet_01v8/(1|3) = 1        
                                           |                                           
Net: a_34270_3738#                         |Net: imc_crossbar:xbar/imc_crossbar_xpt_ca 
  sky130_fd_pr__pfet_01v8/(1|3) = 1        |  sky130_fd_pr__nfet_01v8/(1|3) = 1        
                                           |  sky130_fd_pr__pfet_01v8/(1|3) = 1        
                                           |                                           
Net: a_10504_3738#                         |Net: imc_crossbar:xbar/imc_crossbar_xpt_ca 
  sky130_fd_pr__pfet_01v8/(1|3) = 1        |  sky130_fd_pr__nfet_01v8/(1|3) = 1        
                                           |  sky130_fd_pr__pfet_01v8/(1|3) = 1        
                                           |                                           
Net: a_6007_3738#                          |Net: imc_crossbar:xbar/imc_crossbar_xpt_ca 
  sky130_fd_pr__pfet_01v8/(1|3) = 1        |  sky130_fd_pr__nfet_01v8/(1|3) = 1        
                                           |  sky130_fd_pr__pfet_01v8/(1|3) = 1        
                                           |                                           
Net: a_27823_3738#                         |Net: imc_crossbar:xbar/imc_crossbar_xpt_ca 
  sky130_fd_pr__pfet_01v8/(1|3) = 1        |  sky130_fd_pr__nfet_01v8/(1|3) = 1        
                                           |  sky130_fd_pr__pfet_01v8/(1|3) = 1        
                                           |                                           
Net: a_6761_3352#                          |Net: imc_crossbar:xbar/imc_crossbar_xpt_ca 
  sky130_fd_pr__pfet_01v8/(1|3) = 1        |  sky130_fd_pr__nfet_01v8/(1|3) = 1        
                                           |  sky130_fd_pr__pfet_01v8/(1|3) = 1        
                                           |                                           
Net: a_34920_3738#                         |Net: imc_crossbar:xbar/imc_crossbar_xpt_ca 
  sky130_fd_pr__pfet_01v8/(1|3) = 1        |  sky130_fd_pr__nfet_01v8/(1|3) = 1        
                                           |  sky130_fd_pr__pfet_01v8/(1|3) = 1        
                                           |                                           
Net: a_32373_3738#                         |Net: imc_crossbar:xbar/imc_crossbar_xpt_ca 
  sky130_fd_pr__pfet_01v8/(1|3) = 1        |  sky130_fd_pr__nfet_01v8/(1|3) = 1        
                                           |  sky130_fd_pr__pfet_01v8/(1|3) = 1        
                                           |                                           
Net: a_35570_3738#                         |Net: imc_crossbar:xbar/imc_crossbar_xpt_ca 
  sky130_fd_pr__pfet_01v8/(1|3) = 1        |  sky130_fd_pr__nfet_01v8/(1|3) = 1        
                                           |  sky130_fd_pr__pfet_01v8/(1|3) = 1        
                                           |                                           
Net: a_11804_3738#                         |Net: imc_crossbar:xbar/imc_crossbar_xpt_ca 
  sky130_fd_pr__pfet_01v8/(1|3) = 1        |  sky130_fd_pr__nfet_01v8/(1|3) = 1        
                                           |  sky130_fd_pr__pfet_01v8/(1|3) = 1        
                                           |                                           
Net: a_7307_3738#                          |Net: imc_crossbar:xbar/imc_crossbar_xpt_ca 
  sky130_fd_pr__pfet_01v8/(1|3) = 1        |  sky130_fd_pr__nfet_01v8/(1|3) = 1        
                                           |  sky130_fd_pr__pfet_01v8/(1|3) = 1        
                                           |                                           
Net: a_48212_32048#                        |Net: imc_crossbar:xbar/imc_crossbar_xpt_ca 
  sky130_fd_pr__pfet_01v8/2 = 1            |  sky130_fd_pr__nfet_01v8/(1|3) = 1        
                                           |  sky130_fd_pr__pfet_01v8/(1|3) = 1        
                                           |                                           
Net: a_8367_15763#                         |Net: imc_crossbar:xbar/imc_crossbar_xpt_ca 
  sky130_fd_pr__pfet_01v8/2 = 1            |  sky130_fd_pr__nfet_01v8/(1|3) = 1        
                                           |  sky130_fd_pr__pfet_01v8/(1|3) = 1        
                                           |                                           
Net: a_30447_4916#                         |Net: imc_crossbar:xbar/imc_crossbar_xpt_ca 
  sky130_fd_pr__pfet_01v8/2 = 1            |  sky130_fd_pr__nfet_01v8/(1|3) = 1        
                                           |  sky130_fd_pr__pfet_01v8/(1|3) = 1        
                                           |                                           
Net: a_5445_4916#                          |Net: imc_crossbar:xbar/imc_crossbar_xpt_ca 
  sky130_fd_pr__pfet_01v8/2 = 1            |  sky130_fd_pr__nfet_01v8/(1|3) = 1        
                                           |  sky130_fd_pr__pfet_01v8/(1|3) = 1        
                                           |                                           
Net: a_49817_9116#                         |Net: imc_crossbar:xbar/imc_crossbar_xpt_ca 
  sky130_fd_pr__pfet_01v8/2 = 1            |  sky130_fd_pr__nfet_01v8/(1|3) = 1        
                                           |  sky130_fd_pr__pfet_01v8/(1|3) = 1        
                                           |                                           
Net: a_9249_4916#                          |Net: imc_crossbar:xbar/imc_crossbar_xpt_ca 
  sky130_fd_pr__pfet_01v8/2 = 1            |  sky130_fd_pr__nfet_01v8/(1|3) = 1        
                                           |  sky130_fd_pr__pfet_01v8/(1|3) = 1        
                                           |                                           
Net: a_27911_4916#                         |Net: imc_crossbar:xbar/imc_crossbar_xpt_ca 
  sky130_fd_pr__pfet_01v8/2 = 1            |  sky130_fd_pr__nfet_01v8/(1|3) = 1        
                                           |  sky130_fd_pr__pfet_01v8/(1|3) = 1        
                                           |                                           
Net: a_7981_4916#                          |Net: imc_crossbar:xbar/imc_crossbar_xpt_ca 
  sky130_fd_pr__pfet_01v8/2 = 1            |  sky130_fd_pr__nfet_01v8/(1|3) = 1        
                                           |  sky130_fd_pr__pfet_01v8/(1|3) = 1        
                                           |                                           
Net: a_29179_4916#                         |Net: imc_crossbar:xbar/imc_crossbar_xpt_ca 
  sky130_fd_pr__pfet_01v8/2 = 1            |  sky130_fd_pr__nfet_01v8/(1|3) = 1        
                                           |  sky130_fd_pr__pfet_01v8/(1|3) = 1        
                                           |                                           
Net: a_31715_4916#                         |Net: imc_crossbar:xbar/imc_crossbar_xpt_ca 
  sky130_fd_pr__pfet_01v8/2 = 1            |  sky130_fd_pr__nfet_01v8/(1|3) = 1        
                                           |  sky130_fd_pr__pfet_01v8/(1|3) = 1        
                                           |                                           
Net: a_6713_4916#                          |Net: imc_crossbar:xbar/imc_crossbar_xpt_ca 
  sky130_fd_pr__pfet_01v8/2 = 1            |  sky130_fd_pr__nfet_01v8/(1|3) = 1        
                                           |  sky130_fd_pr__pfet_01v8/(1|3) = 1        
                                           |                                           
Net: w_48048_31690#                        |Net: imc_crossbar:xbar/imc_crossbar_xpt_ca 
  sky130_fd_pr__pfet_01v8/4 = 1            |  sky130_fd_pr__nfet_01v8/(1|3) = 1        
                                           |  sky130_fd_pr__pfet_01v8/(1|3) = 1        
                                           |                                           
Net: w_32048_26729#                        |Net: imc_crossbar:xbar/imc_crossbar_xpt_ca 
  sky130_fd_pr__pfet_01v8/4 = 1            |  sky130_fd_pr__nfet_01v8/(1|3) = 1        
                                           |  sky130_fd_pr__pfet_01v8/(1|3) = 1        
                                           |                                           
Net: w_8203_15289#                         |Net: imc_crossbar:xbar/imc_crossbar_xpt_ca 
  sky130_fd_pr__pfet_01v8/4 = 1            |  sky130_fd_pr__nfet_01v8/(1|3) = 1        
                                           |  sky130_fd_pr__pfet_01v8/(1|3) = 1        
                                           |                                           
Net: w_48503_2444#                         |Net: imc_crossbar:xbar/imc_crossbar_xpt_ca 
  sky130_fd_pr__pfet_01v8/4 = 1            |  sky130_fd_pr__nfet_01v8/(1|3) = 1        
                                           |  sky130_fd_pr__pfet_01v8/(1|3) = 1        
                                           |                                           
Net: w_54474_14345#                        |Net: imc_crossbar:xbar/imc_crossbar_xpt_ca 
  sky130_fd_pr__pfet_01v8/4 = 1            |  sky130_fd_pr__nfet_01v8/(1|3) = 1        
                                           |  sky130_fd_pr__pfet_01v8/(1|3) = 1        
                                           |                                           
Net: w_44627_6764#                         |Net: imc_crossbar:xbar/imc_crossbar_xpt_ca 
  sky130_fd_pr__pfet_01v8/4 = 1            |  sky130_fd_pr__nfet_01v8/(1|3) = 1        
                                           |  sky130_fd_pr__pfet_01v8/(1|3) = 1        
                                           |                                           
Net: w_14978_3612#                         |Net: imc_crossbar:xbar/imc_crossbar_xpt_ca 
  sky130_fd_pr__pfet_01v8/4 = 1            |  sky130_fd_pr__nfet_01v8/(1|3) = 1        
                                           |  sky130_fd_pr__pfet_01v8/(1|3) = 1        
                                           |                                           
Net: w_6463_13293#                         |Net: imc_crossbar:xbar/imc_crossbar_xpt_ca 
  sky130_fd_pr__pfet_01v8/4 = 1            |  sky130_fd_pr__nfet_01v8/(1|3) = 1        
                                           |  sky130_fd_pr__pfet_01v8/(1|3) = 1        
                                           |                                           
Net: w_42303_2444#                         |Net: imc_crossbar:xbar/imc_crossbar_xpt_ca 
  sky130_fd_pr__pfet_01v8/4 = 1            |  sky130_fd_pr__nfet_01v8/(1|3) = 1        
                                           |  sky130_fd_pr__pfet_01v8/(1|3) = 1        
                                           |                                           
Net: w_44627_4604#                         |Net: imc_crossbar:xbar/imc_crossbar_xpt_ca 
  sky130_fd_pr__pfet_01v8/4 = 1            |  sky130_fd_pr__nfet_01v8/(1|3) = 1        
                                           |  sky130_fd_pr__pfet_01v8/(1|3) = 1        
                                           |                                           
Net: w_30529_13293#                        |Net: imc_crossbar:xbar/imc_crossbar_xpt_ca 
  sky130_fd_pr__pfet_01v8/4 = 1            |  sky130_fd_pr__nfet_01v8/(1|3) = 1        
                                           |  sky130_fd_pr__pfet_01v8/(1|3) = 1        
                                           |                                           
Net: w_28929_13293#                        |Net: imc_crossbar:xbar/imc_crossbar_xpt_ca 
  sky130_fd_pr__pfet_01v8/4 = 1            |  sky130_fd_pr__nfet_01v8/(1|3) = 1        
                                           |  sky130_fd_pr__pfet_01v8/(1|3) = 1        
                                           |                                           
Net: w_36144_3612#                         |Net: interleaved_adc:adc/iadc_cdac:u0_cdac 
  sky130_fd_pr__pfet_01v8/4 = 1            |  sky130_fd_pr__nfet_01v8/(1|3) = 1        
                                           |  sky130_fd_pr__pfet_01v8/(1|3) = 1        
                                           |                                           
Net: w_47727_4604#                         |Net: interleaved_adc:adc/iadc_cdac:u0_cdac 
  sky130_fd_pr__pfet_01v8/4 = 1            |  sky130_fd_pr__nfet_01v8/(1|3) = 1        
                                           |  sky130_fd_pr__pfet_01v8/(1|3) = 1        
                                           |                                           
Net: w_39763_2444#                         |Net: interleaved_adc:adc/iadc_cdac:u0_cdac 
  sky130_fd_pr__pfet_01v8/4 = 1            |  sky130_fd_pr__nfet_01v8/(1|3) = 1        
                                           |  sky130_fd_pr__pfet_01v8/(1|3) = 1        
                                           |                                           
Net: w_30283_4442#                         |Net: interleaved_adc:adc/iadc_cdac:u0_cdac 
  sky130_fd_pr__pfet_01v8/4 = 1            |  sky130_fd_pr__nfet_01v8/(1|3) = 1        
                                           |  sky130_fd_pr__pfet_01v8/(1|3) = 1        
                                           |                                           
Net: w_36794_3612#                         |Net: interleaved_adc:adc/iadc_cdac:u1_cdac 
  sky130_fd_pr__pfet_01v8/4 = 1            |  sky130_fd_pr__nfet_01v8/(1|3) = 1        
                                           |  sky130_fd_pr__pfet_01v8/(1|3) = 1        
                                           |                                           
Net: w_8335_14027#                         |Net: interleaved_adc:adc/iadc_cdac:u1_cdac 
  sky130_fd_pr__pfet_01v8/4 = 1            |  sky130_fd_pr__nfet_01v8/(1|3) = 1        
                                           |  sky130_fd_pr__pfet_01v8/(1|3) = 1        
                                           |                                           
Net: w_8531_3612#                          |Net: interleaved_adc:adc/iadc_cdac:u1_cdac 
  sky130_fd_pr__pfet_01v8/4 = 1            |  sky130_fd_pr__nfet_01v8/(1|3) = 1        
                                           |  sky130_fd_pr__pfet_01v8/(1|3) = 1        
                                           |                                           
Net: w_40074_14345#                        |Net: interleaved_adc:adc/iadc_cdac:u1_cdac 
  sky130_fd_pr__pfet_01v8/4 = 1            |  sky130_fd_pr__nfet_01v8/(1|3) = 1        
                                           |  sky130_fd_pr__pfet_01v8/(1|3) = 1        
                                           |                                           
Net: w_11078_3612#                         |Net: go_sig                                
  sky130_fd_pr__pfet_01v8/4 = 1            |  sky130_fd_pr__nfet_01v8/2 = 1            
                                           |  sky130_fd_pr__pfet_01v8/2 = 1            
                                           |                                           
Net: w_28397_3612#                         |Net: adc_done                              
  sky130_fd_pr__pfet_01v8/4 = 1            |  sky130_fd_pr__nfet_01v8/2 = 1            
                                           |  sky130_fd_pr__pfet_01v8/2 = 1            
                                           |                                           
Net: w_57027_6764#                         |Net: interleaved_adc:adc/u0_sar_a_in0      
  sky130_fd_pr__pfet_01v8/4 = 1            |  sky130_fd_pr__nfet_01v8/2 = 1            
                                           |  sky130_fd_pr__pfet_01v8/2 = 1            
                                           |                                           
Net: w_54703_2444#                         |Net: interleaved_adc:adc/u0_sar_a_in1      
  sky130_fd_pr__pfet_01v8/4 = 1            |  sky130_fd_pr__nfet_01v8/2 = 1            
                                           |  sky130_fd_pr__pfet_01v8/2 = 1            
                                           |                                           
Net: w_57027_4604#                         |Net: interleaved_adc:adc/u0_sar_a_in2      
  sky130_fd_pr__pfet_01v8/4 = 1            |  sky130_fd_pr__nfet_01v8/2 = 1            
                                           |  sky130_fd_pr__pfet_01v8/2 = 1            
                                           |                                           
Net: w_50827_6764#                         |Net: interleaved_adc:adc/u0_sar_a_in3      
  sky130_fd_pr__pfet_01v8/4 = 1            |  sky130_fd_pr__nfet_01v8/2 = 1            
                                           |  sky130_fd_pr__pfet_01v8/2 = 1            
                                           |                                           
Net: w_50827_4604#                         |Net: interleaved_adc:adc/u0_sar_b_in0      
  sky130_fd_pr__pfet_01v8/4 = 1            |  sky130_fd_pr__nfet_01v8/2 = 1            
                                           |  sky130_fd_pr__pfet_01v8/2 = 1            
                                           |                                           
Net: w_37444_3612#                         |Net: interleaved_adc:adc/u0_sar_b_in1      
  sky130_fd_pr__pfet_01v8/4 = 1            |  sky130_fd_pr__nfet_01v8/2 = 1            
                                           |  sky130_fd_pr__pfet_01v8/2 = 1            
                                           |                                           
Net: w_30801_14027#                        |Net: interleaved_adc:adc/u0_sar_b_in2      
  sky130_fd_pr__pfet_01v8/4 = 1            |  sky130_fd_pr__nfet_01v8/2 = 1            
                                           |  sky130_fd_pr__pfet_01v8/2 = 1            
                                           |                                           
Net: w_5281_4442#                          |Net: interleaved_adc:adc/u0_sar_b_in3      
  sky130_fd_pr__pfet_01v8/4 = 1            |  sky130_fd_pr__nfet_01v8/2 = 1            
                                           |  sky130_fd_pr__pfet_01v8/2 = 1            
                                           |                                           
Net: w_29047_3612#                         |Net: interleaved_adc:adc/u1_sar_a_in0      
  sky130_fd_pr__pfet_01v8/4 = 1            |  sky130_fd_pr__nfet_01v8/2 = 1            
                                           |  sky130_fd_pr__pfet_01v8/2 = 1            
                                           |                                           
Net: w_9085_3142#                          |Net: interleaved_adc:adc/u1_sar_a_in1      
  sky130_fd_pr__pfet_01v8/4 = 1            |  sky130_fd_pr__nfet_01v8/2 = 1            
                                           |  sky130_fd_pr__pfet_01v8/2 = 1            
                                           |                                           
Net: w_53927_6764#                         |Net: interleaved_adc:adc/u1_sar_a_in2      
  sky130_fd_pr__pfet_01v8/4 = 1            |  sky130_fd_pr__nfet_01v8/2 = 1            
                                           |  sky130_fd_pr__pfet_01v8/2 = 1            
                                           |                                           
Net: w_12378_3612#                         |Net: interleaved_adc:adc/u1_sar_a_in3      
  sky130_fd_pr__pfet_01v8/4 = 1            |  sky130_fd_pr__nfet_01v8/2 = 1            
                                           |  sky130_fd_pr__pfet_01v8/2 = 1            
                                           |                                           
Net: w_29697_3612#                         |Net: interleaved_adc:adc/u1_sar_b_in0      
  sky130_fd_pr__pfet_01v8/4 = 1            |  sky130_fd_pr__nfet_01v8/2 = 1            
                                           |  sky130_fd_pr__pfet_01v8/2 = 1            
                                           |                                           
Net: w_8063_13293#                         |Net: interleaved_adc:adc/u1_sar_b_in1      
  sky130_fd_pr__pfet_01v8/4 = 1            |  sky130_fd_pr__nfet_01v8/2 = 1            
                                           |  sky130_fd_pr__pfet_01v8/2 = 1            
                                           |                                           
Net: w_33544_3612#                         |Net: interleaved_adc:adc/u1_sar_b_in2      
  sky130_fd_pr__pfet_01v8/4 = 1            |  sky130_fd_pr__nfet_01v8/2 = 1            
                                           |  sky130_fd_pr__pfet_01v8/2 = 1            
                                           |                                           
Net: w_49653_8726#                         |Net: interleaved_adc:adc/u1_sar_b_in3      
  sky130_fd_pr__pfet_01v8/4 = 1            |  sky130_fd_pr__nfet_01v8/2 = 1            
                                           |  sky130_fd_pr__pfet_01v8/2 = 1            
                                           |                                           
Net: w_51603_2444#                         |Net: async_ctrl:async/nand_rst_mid         
  sky130_fd_pr__pfet_01v8/4 = 1            |  sky130_fd_pr__nfet_01v8/(1|3) = 2        
                                           |                                           
Net: w_9085_4442#                          |Net: col0                                  
  sky130_fd_pr__pfet_01v8/4 = 1            |  sky130_fd_pr__nfet_01v8/(1|3) = 2        
                                           |  sky130_fd_pr__pfet_01v8/(1|3) = 2        
                                           |                                           
Net: w_27747_4442#                         |Net: col1                                  
  sky130_fd_pr__pfet_01v8/4 = 1            |  sky130_fd_pr__nfet_01v8/(1|3) = 2        
                                           |  sky130_fd_pr__pfet_01v8/(1|3) = 2        
                                           |                                           
Net: w_9831_3612#                          |Net: col2                                  
  sky130_fd_pr__pfet_01v8/4 = 1            |  sky130_fd_pr__nfet_01v8/(1|3) = 2        
                                           |  sky130_fd_pr__pfet_01v8/(1|3) = 2        
                                           |                                           
Net: w_7817_4442#                          |Net: adc_d2b0                              
  sky130_fd_pr__pfet_01v8/4 = 1            |  sky130_fd_pr__nfet_01v8/(1|3) = 2        
                                           |  sky130_fd_pr__pfet_01v8/(1|3) = 2        
                                           |                                           
Net: w_13028_3612#                         |Net: adc_d2b1                              
  sky130_fd_pr__pfet_01v8/4 = 1            |  sky130_fd_pr__nfet_01v8/(1|3) = 2        
                                           |  sky130_fd_pr__pfet_01v8/(1|3) = 2        
                                           |                                           
Net: w_47727_6764#                         |Net: adc_d2b2                              
  sky130_fd_pr__pfet_01v8/4 = 1            |  sky130_fd_pr__nfet_01v8/(1|3) = 2        
                                           |  sky130_fd_pr__pfet_01v8/(1|3) = 2        
                                           |                                           
Net: w_50874_14345#                        |Net: adc_d2b3                              
  sky130_fd_pr__pfet_01v8/4 = 1            |  sky130_fd_pr__nfet_01v8/(1|3) = 2        
                                           |  sky130_fd_pr__pfet_01v8/(1|3) = 2        
                                           |                                           
Net: w_13678_3612#                         |Net: charge_dac:dac0/cap_bot_0             
  sky130_fd_pr__pfet_01v8/4 = 1            |  sky130_fd_pr__nfet_01v8/(1|3) = 2        
                                           |  sky130_fd_pr__pfet_01v8/(1|3) = 2        
                                           |                                           
Net: w_9181_3612#                          |Net: charge_dac:dac0/cap_bot_1             
  sky130_fd_pr__pfet_01v8/4 = 1            |  sky130_fd_pr__nfet_01v8/(1|3) = 2        
                                           |  sky130_fd_pr__pfet_01v8/(1|3) = 2        
                                           |                                           
Net: w_43674_14345#                        |Net: charge_dac:dac0/cap_bot_2             
  sky130_fd_pr__pfet_01v8/4 = 1            |  sky130_fd_pr__nfet_01v8/(1|3) = 2        
                                           |  sky130_fd_pr__pfet_01v8/(1|3) = 2        
                                           |                                           
Net: w_45403_2444#                         |Net: charge_dac:dac0/cap_bot_3             
  sky130_fd_pr__pfet_01v8/4 = 1            |  sky130_fd_pr__nfet_01v8/(1|3) = 2        
                                           |  sky130_fd_pr__pfet_01v8/(1|3) = 2        
                                           |                                           
Net: w_31647_3612#                         |Net: charge_dac:dac1/cap_bot_0             
  sky130_fd_pr__pfet_01v8/4 = 1            |  sky130_fd_pr__nfet_01v8/(1|3) = 2        
                                           |  sky130_fd_pr__pfet_01v8/(1|3) = 2        
                                           |                                           
Net: w_29201_14027#                        |Net: charge_dac:dac1/cap_bot_1             
  sky130_fd_pr__pfet_01v8/4 = 1            |  sky130_fd_pr__nfet_01v8/(1|3) = 2        
                                           |  sky130_fd_pr__pfet_01v8/(1|3) = 2        
                                           |                                           
Net: w_13260_18471#                        |Net: charge_dac:dac1/cap_bot_2             
  sky130_fd_pr__pfet_01v8/4 = 1            |  sky130_fd_pr__nfet_01v8/(1|3) = 2        
                                           |  sky130_fd_pr__pfet_01v8/(1|3) = 2        
                                           |                                           
Net: w_32894_3612#                         |Net: charge_dac:dac1/cap_bot_3             
  sky130_fd_pr__pfet_01v8/4 = 1            |  sky130_fd_pr__nfet_01v8/(1|3) = 2        
                                           |  sky130_fd_pr__pfet_01v8/(1|3) = 2        
                                           |                                           
Net: w_5281_3142#                          |Net: charge_dac:dac2/cap_bot_0             
  sky130_fd_pr__pfet_01v8/4 = 1            |  sky130_fd_pr__nfet_01v8/(1|3) = 2        
                                           |  sky130_fd_pr__pfet_01v8/(1|3) = 2        
                                           |                                           
Net: w_31551_3142#                         |Net: charge_dac:dac2/cap_bot_1             
  sky130_fd_pr__pfet_01v8/4 = 1            |  sky130_fd_pr__nfet_01v8/(1|3) = 2        
                                           |  sky130_fd_pr__pfet_01v8/(1|3) = 2        
                                           |                                           
Net: w_29015_4442#                         |Net: charge_dac:dac2/cap_bot_2             
  sky130_fd_pr__pfet_01v8/4 = 1            |  sky130_fd_pr__nfet_01v8/(1|3) = 2        
                                           |  sky130_fd_pr__pfet_01v8/(1|3) = 2        
                                           |                                           
Net: w_5281_3612#                          |Net: charge_dac:dac2/cap_bot_3             
  sky130_fd_pr__pfet_01v8/4 = 1            |  sky130_fd_pr__nfet_01v8/(1|3) = 2        
                                           |  sky130_fd_pr__pfet_01v8/(1|3) = 2        
                                           |                                           
Net: w_49210_14121#                        |Net: dac0_b0                               
  sky130_fd_pr__pfet_01v8/4 = 1            |  sky130_fd_pr__nfet_01v8/2 = 2            
                                           |  sky130_fd_pr__pfet_01v8/2 = 2            
                                           |                                           
Net: w_14328_3612#                         |Net: dac0_b1                               
  sky130_fd_pr__pfet_01v8/4 = 1            |  sky130_fd_pr__nfet_01v8/2 = 2            
                                           |  sky130_fd_pr__pfet_01v8/2 = 2            
                                           |                                           
Net: w_6735_14027#                         |Net: dac0_b2                               
  sky130_fd_pr__pfet_01v8/4 = 1            |  sky130_fd_pr__nfet_01v8/2 = 2            
                                           |  sky130_fd_pr__pfet_01v8/2 = 2            
                                           |                                           
Net: w_31551_4442#                         |Net: dac0_b3                               
  sky130_fd_pr__pfet_01v8/4 = 1            |  sky130_fd_pr__nfet_01v8/2 = 2            
                                           |  sky130_fd_pr__pfet_01v8/2 = 2            
                                           |                                           
Net: w_53927_4604#                         |Net: dac1_b0                               
  sky130_fd_pr__pfet_01v8/4 = 1            |  sky130_fd_pr__nfet_01v8/2 = 2            
                                           |  sky130_fd_pr__pfet_01v8/2 = 2            
                                           |                                           
Net: w_30997_3612#                         |Net: dac1_b1                               
  sky130_fd_pr__pfet_01v8/4 = 1            |  sky130_fd_pr__nfet_01v8/2 = 2            
                                           |  sky130_fd_pr__pfet_01v8/2 = 2            
                                           |                                           
Net: w_34194_3612#                         |Net: dac1_b2                               
  sky130_fd_pr__pfet_01v8/4 = 1            |  sky130_fd_pr__nfet_01v8/2 = 2            
                                           |  sky130_fd_pr__pfet_01v8/2 = 2            
                                           |                                           
Net: w_10428_3612#                         |Net: dac1_b3                               
  sky130_fd_pr__pfet_01v8/4 = 1            |  sky130_fd_pr__nfet_01v8/2 = 2            
                                           |  sky130_fd_pr__pfet_01v8/2 = 2            
                                           |                                           
Net: w_5931_3612#                          |Net: dac2_b0                               
  sky130_fd_pr__pfet_01v8/4 = 1            |  sky130_fd_pr__nfet_01v8/2 = 2            
                                           |  sky130_fd_pr__pfet_01v8/2 = 2            
                                           |                                           
Net: w_27747_3612#                         |Net: dac2_b1                               
  sky130_fd_pr__pfet_01v8/4 = 1            |  sky130_fd_pr__nfet_01v8/2 = 2            
                                           |  sky130_fd_pr__pfet_01v8/2 = 2            
                                           |                                           
Net: w_47274_14345#                        |Net: dac2_b2                               
  sky130_fd_pr__pfet_01v8/4 = 1            |  sky130_fd_pr__nfet_01v8/2 = 2            
                                           |  sky130_fd_pr__pfet_01v8/2 = 2            
                                           |                                           
Net: w_6549_3142#                          |Net: dac2_b3                               
  sky130_fd_pr__pfet_01v8/4 = 1            |  sky130_fd_pr__nfet_01v8/2 = 2            
                                           |  sky130_fd_pr__pfet_01v8/2 = 2            
                                           |                                           
Net: w_6549_4442#                          |Net: latch_out                             
  sky130_fd_pr__pfet_01v8/4 = 1            |  sky130_fd_pr__nfet_01v8/(1|3) = 1        
                                           |  sky130_fd_pr__pfet_01v8/(1|3) = 1        
                                           |  sky130_fd_pr__nfet_01v8/2 = 1            
                                           |  sky130_fd_pr__pfet_01v8/2 = 1            
                                           |                                           
Net: w_34844_3612#                         |Net: charge_dac:dac0/b0_b                  
  sky130_fd_pr__pfet_01v8/4 = 1            |  sky130_fd_pr__nfet_01v8/(1|3) = 1        
                                           |  sky130_fd_pr__pfet_01v8/(1|3) = 1        
                                           |  sky130_fd_pr__pfet_01v8/2 = 1            
                                           |  sky130_fd_pr__nfet_01v8/2 = 1            
                                           |                                           
Net: w_32297_3612#                         |Net: charge_dac:dac0/b1_b                  
  sky130_fd_pr__pfet_01v8/4 = 1            |  sky130_fd_pr__nfet_01v8/(1|3) = 1        
                                           |  sky130_fd_pr__pfet_01v8/(1|3) = 1        
                                           |  sky130_fd_pr__pfet_01v8/2 = 1            
                                           |  sky130_fd_pr__nfet_01v8/2 = 1            
                                           |                                           
Net: w_35494_3612#                         |Net: charge_dac:dac0/b2_b                  
  sky130_fd_pr__pfet_01v8/4 = 1            |  sky130_fd_pr__nfet_01v8/(1|3) = 1        
                                           |  sky130_fd_pr__pfet_01v8/(1|3) = 1        
                                           |  sky130_fd_pr__pfet_01v8/2 = 1            
                                           |  sky130_fd_pr__nfet_01v8/2 = 1            
                                           |                                           
Net: w_11728_3612#                         |Net: charge_dac:dac0/b3_b                  
  sky130_fd_pr__pfet_01v8/4 = 1            |  sky130_fd_pr__nfet_01v8/(1|3) = 1        
                                           |  sky130_fd_pr__pfet_01v8/(1|3) = 1        
                                           |  sky130_fd_pr__pfet_01v8/2 = 1            
                                           |  sky130_fd_pr__nfet_01v8/2 = 1            
                                           |                                           
Net: w_7231_3612#                          |Net: charge_dac:dac1/b0_b                  
  sky130_fd_pr__pfet_01v8/4 = 1            |  sky130_fd_pr__nfet_01v8/(1|3) = 1        
                                           |  sky130_fd_pr__pfet_01v8/(1|3) = 1        
                                           |  sky130_fd_pr__pfet_01v8/2 = 1            
                                           |  sky130_fd_pr__nfet_01v8/2 = 1            
                                           |                                           
Net: w_27747_3142#                         |Net: charge_dac:dac1/b1_b                  
  sky130_fd_pr__pfet_01v8/4 = 1            |  sky130_fd_pr__nfet_01v8/(1|3) = 1        
                                           |  sky130_fd_pr__pfet_01v8/(1|3) = 1        
                                           |  sky130_fd_pr__pfet_01v8/2 = 1            
                                           |  sky130_fd_pr__nfet_01v8/2 = 1            
                                           |                                           
Net: a_32260_32508#                        |Net: charge_dac:dac1/b2_b                  
  sky130_fd_pr__nfet_01v8/(1|3) = 1        |  sky130_fd_pr__nfet_01v8/(1|3) = 1        
                                           |  sky130_fd_pr__pfet_01v8/(1|3) = 1        
                                           |  sky130_fd_pr__pfet_01v8/2 = 1            
                                           |  sky130_fd_pr__nfet_01v8/2 = 1            
                                           |                                           
Net: a_32124_32508#                        |Net: charge_dac:dac1/b3_b                  
  sky130_fd_pr__nfet_01v8/(1|3) = 1        |  sky130_fd_pr__nfet_01v8/(1|3) = 1        
                                           |  sky130_fd_pr__pfet_01v8/(1|3) = 1        
                                           |  sky130_fd_pr__pfet_01v8/2 = 1            
                                           |  sky130_fd_pr__nfet_01v8/2 = 1            
                                           |                                           
Net: a_49082_4946#                         |Net: charge_dac:dac2/b0_b                  
  sky130_fd_pr__nfet_01v8/(1|3) = 1        |  sky130_fd_pr__nfet_01v8/(1|3) = 1        
                                           |  sky130_fd_pr__pfet_01v8/(1|3) = 1        
                                           |  sky130_fd_pr__pfet_01v8/2 = 1            
                                           |  sky130_fd_pr__nfet_01v8/2 = 1            
                                           |                                           
Net: a_5357_2798#                          |Net: charge_dac:dac2/b1_b                  
  sky130_fd_pr__nfet_01v8/(1|3) = 1        |  sky130_fd_pr__nfet_01v8/(1|3) = 1        
                                           |  sky130_fd_pr__pfet_01v8/(1|3) = 1        
                                           |  sky130_fd_pr__pfet_01v8/2 = 1            
                                           |  sky130_fd_pr__nfet_01v8/2 = 1            
                                           |                                           
Net: a_45694_1762#                         |Net: charge_dac:dac2/b2_b                  
  sky130_fd_pr__nfet_01v8/(1|3) = 1        |  sky130_fd_pr__nfet_01v8/(1|3) = 1        
                                           |  sky130_fd_pr__pfet_01v8/(1|3) = 1        
                                           |  sky130_fd_pr__pfet_01v8/2 = 1            
                                           |  sky130_fd_pr__nfet_01v8/2 = 1            
                                           |                                           
Net: a_45558_1762#                         |Net: charge_dac:dac2/b3_b                  
  sky130_fd_pr__nfet_01v8/(1|3) = 1        |  sky130_fd_pr__nfet_01v8/(1|3) = 1        
                                           |  sky130_fd_pr__pfet_01v8/(1|3) = 1        
                                           |  sky130_fd_pr__pfet_01v8/2 = 1            
                                           |  sky130_fd_pr__nfet_01v8/2 = 1            
                                           |                                           
Net: a_37520_3268#                         |Net: interleaved_adc:adc/u0_buf_a0_mid     
  sky130_fd_pr__nfet_01v8/(1|3) = 1        |  sky130_fd_pr__nfet_01v8/(1|3) = 1        
                                           |  sky130_fd_pr__pfet_01v8/(1|3) = 1        
                                           |  sky130_fd_pr__nfet_01v8/2 = 1            
                                           |  sky130_fd_pr__pfet_01v8/2 = 1            
                                           |                                           
Net: a_54754_13492#                        |Net: interleaved_adc:adc/u0_buf_a1_mid     
  sky130_fd_pr__nfet_01v8/(1|3) = 1        |  sky130_fd_pr__nfet_01v8/(1|3) = 1        
                                           |  sky130_fd_pr__pfet_01v8/(1|3) = 1        
                                           |  sky130_fd_pr__nfet_01v8/2 = 1            
                                           |  sky130_fd_pr__pfet_01v8/2 = 1            
                                           |                                           
Net: a_54618_13492#                        |Net: interleaved_adc:adc/u0_buf_a2_mid     
  sky130_fd_pr__nfet_01v8/(1|3) = 1        |  sky130_fd_pr__nfet_01v8/(1|3) = 1        
                                           |  sky130_fd_pr__pfet_01v8/(1|3) = 1        
                                           |  sky130_fd_pr__nfet_01v8/2 = 1            
                                           |  sky130_fd_pr__pfet_01v8/2 = 1            
                                           |                                           
Net: a_9161_2798#                          |Net: interleaved_adc:adc/u0_buf_a3_mid     
  sky130_fd_pr__nfet_01v8/(1|3) = 1        |  sky130_fd_pr__nfet_01v8/(1|3) = 1        
                                           |  sky130_fd_pr__pfet_01v8/(1|3) = 1        
                                           |  sky130_fd_pr__nfet_01v8/2 = 1            
                                           |  sky130_fd_pr__pfet_01v8/2 = 1            
                                           |                                           
Net: a_12454_3268#                         |Net: interleaved_adc:adc/u0_buf_b0_mid     
  sky130_fd_pr__nfet_01v8/(1|3) = 1        |  sky130_fd_pr__nfet_01v8/(1|3) = 1        
                                           |  sky130_fd_pr__pfet_01v8/(1|3) = 1        
                                           |  sky130_fd_pr__nfet_01v8/2 = 1            
                                           |  sky130_fd_pr__pfet_01v8/2 = 1            
                                           |                                           
Net: a_29773_3268#                         |Net: interleaved_adc:adc/u0_buf_b1_mid     
  sky130_fd_pr__nfet_01v8/(1|3) = 1        |  sky130_fd_pr__nfet_01v8/(1|3) = 1        
                                           |  sky130_fd_pr__pfet_01v8/(1|3) = 1        
                                           |  sky130_fd_pr__nfet_01v8/2 = 1            
                                           |  sky130_fd_pr__pfet_01v8/2 = 1            
                                           |                                           
Net: a_27823_2798#                         |Net: interleaved_adc:adc/u0_buf_b2_mid     
  sky130_fd_pr__nfet_01v8/(1|3) = 1        |  sky130_fd_pr__nfet_01v8/(1|3) = 1        
                                           |  sky130_fd_pr__pfet_01v8/(1|3) = 1        
                                           |  sky130_fd_pr__nfet_01v8/2 = 1            
                                           |  sky130_fd_pr__pfet_01v8/2 = 1            
                                           |                                           
Net: a_9907_3268#                          |Net: interleaved_adc:adc/u0_buf_b3_mid     
  sky130_fd_pr__nfet_01v8/(1|3) = 1        |  sky130_fd_pr__nfet_01v8/(1|3) = 1        
                                           |  sky130_fd_pr__pfet_01v8/(1|3) = 1        
                                           |  sky130_fd_pr__nfet_01v8/2 = 1            
                                           |  sky130_fd_pr__pfet_01v8/2 = 1            
                                           |                                           
Net: a_13104_3268#                         |Net: interleaved_adc:adc/u1_buf_a0_mid     
  sky130_fd_pr__nfet_01v8/(1|3) = 1        |  sky130_fd_pr__nfet_01v8/(1|3) = 1        
                                           |  sky130_fd_pr__pfet_01v8/(1|3) = 1        
                                           |  sky130_fd_pr__nfet_01v8/2 = 1            
                                           |  sky130_fd_pr__pfet_01v8/2 = 1            
                                           |                                           
Net: a_13472_18413#                        |Net: interleaved_adc:adc/u1_buf_a1_mid     
  sky130_fd_pr__nfet_01v8/(1|3) = 1        |  sky130_fd_pr__nfet_01v8/(1|3) = 1        
                                           |  sky130_fd_pr__pfet_01v8/(1|3) = 1        
                                           |  sky130_fd_pr__nfet_01v8/2 = 1            
                                           |  sky130_fd_pr__pfet_01v8/2 = 1            
                                           |                                           
Net: a_13336_18413#                        |Net: interleaved_adc:adc/u1_buf_a2_mid     
  sky130_fd_pr__nfet_01v8/(1|3) = 1        |  sky130_fd_pr__nfet_01v8/(1|3) = 1        
                                           |  sky130_fd_pr__pfet_01v8/(1|3) = 1        
                                           |  sky130_fd_pr__nfet_01v8/2 = 1            
                                           |  sky130_fd_pr__pfet_01v8/2 = 1            
                                           |                                           
Net: a_13754_3268#                         |Net: interleaved_adc:adc/u1_buf_a3_mid     
  sky130_fd_pr__nfet_01v8/(1|3) = 1        |  sky130_fd_pr__nfet_01v8/(1|3) = 1        
                                           |  sky130_fd_pr__pfet_01v8/(1|3) = 1        
                                           |  sky130_fd_pr__nfet_01v8/2 = 1            
                                           |  sky130_fd_pr__pfet_01v8/2 = 1            
                                           |                                           
Net: a_29091_2798#                         |Net: interleaved_adc:adc/u1_buf_b0_mid     
  sky130_fd_pr__nfet_01v8/(1|3) = 1        |  sky130_fd_pr__nfet_01v8/(1|3) = 1        
                                           |  sky130_fd_pr__pfet_01v8/(1|3) = 1        
                                           |  sky130_fd_pr__nfet_01v8/2 = 1            
                                           |  sky130_fd_pr__pfet_01v8/2 = 1            
                                           |                                           
Net: a_32970_3268#                         |Net: interleaved_adc:adc/u1_buf_b1_mid     
  sky130_fd_pr__nfet_01v8/(1|3) = 1        |  sky130_fd_pr__nfet_01v8/(1|3) = 1        
                                           |  sky130_fd_pr__pfet_01v8/(1|3) = 1        
                                           |  sky130_fd_pr__nfet_01v8/2 = 1            
                                           |  sky130_fd_pr__pfet_01v8/2 = 1            
                                           |                                           
Net: a_31627_2798#                         |Net: interleaved_adc:adc/u1_buf_b2_mid     
  sky130_fd_pr__nfet_01v8/(1|3) = 1        |  sky130_fd_pr__nfet_01v8/(1|3) = 1        
                                           |  sky130_fd_pr__pfet_01v8/(1|3) = 1        
                                           |  sky130_fd_pr__nfet_01v8/2 = 1            
                                           |  sky130_fd_pr__pfet_01v8/2 = 1            
                                           |                                           
Net: a_14404_3268#                         |Net: interleaved_adc:adc/u1_buf_b3_mid     
  sky130_fd_pr__nfet_01v8/(1|3) = 1        |  sky130_fd_pr__nfet_01v8/(1|3) = 1        
                                           |  sky130_fd_pr__pfet_01v8/(1|3) = 1        
                                           |  sky130_fd_pr__nfet_01v8/2 = 1            
                                           |  sky130_fd_pr__pfet_01v8/2 = 1            
                                           |                                           
Net: a_50678_8242#                         |Net: async_ctrl:async/stl_dly_raw          
  sky130_fd_pr__nfet_01v8/(1|3) = 1        |  sky130_fd_pr__nfet_01v8/(1|3) = 1        
                                           |  sky130_fd_pr__pfet_01v8/(1|3) = 1        
                                           |  sky130_fd_pr__nfet_01v8/2 = 1            
                                           |  sky130_fd_pr__pfet_01v8/2 = 1            
                                           |                                           
Net: a_31073_3268#                         |Net: async_ctrl:async/stl_dly_b            
  sky130_fd_pr__nfet_01v8/(1|3) = 1        |  sky130_fd_pr__nfet_01v8/(1|3) = 1        
                                           |  sky130_fd_pr__pfet_01v8/(1|3) = 1        
                                           |  sky130_fd_pr__nfet_01v8/2 = 1            
                                           |  sky130_fd_pr__pfet_01v8/2 = 1            
                                           |                                           
Net: a_34270_3268#                         |Net: async_ctrl:async/settle_delayed       
  sky130_fd_pr__nfet_01v8/(1|3) = 1        |  sky130_fd_pr__nfet_01v8/(1|3) = 1        
                                           |  sky130_fd_pr__pfet_01v8/(1|3) = 1        
                                           |  sky130_fd_pr__nfet_01v8/2 = 1            
                                           |  sky130_fd_pr__pfet_01v8/2 = 1            
                                           |                                           
Net: a_10504_3268#                         |Net: async_ctrl:async/adc_go_b             
  sky130_fd_pr__nfet_01v8/(1|3) = 1        |  sky130_fd_pr__nfet_01v8/(1|3) = 1        
                                           |  sky130_fd_pr__pfet_01v8/(1|3) = 1        
                                           |  sky130_fd_pr__nfet_01v8/2 = 1            
                                           |  sky130_fd_pr__pfet_01v8/2 = 1            
                                           |                                           
Net: a_6007_3268#                          |Net: async_ctrl:async/latch_b              
  sky130_fd_pr__nfet_01v8/(1|3) = 1        |  sky130_fd_pr__nfet_01v8/(1|3) = 1        
                                           |  sky130_fd_pr__pfet_01v8/(1|3) = 1        
                                           |  sky130_fd_pr__nfet_01v8/2 = 1            
                                           |  sky130_fd_pr__pfet_01v8/2 = 1            
                                           |                                           
Net: a_6625_2798#                          |Net: async_ctrl:async/done_b               
  sky130_fd_pr__nfet_01v8/(1|3) = 1        |  sky130_fd_pr__nfet_01v8/(1|3) = 1        
                                           |  sky130_fd_pr__pfet_01v8/(1|3) = 1        
                                           |  sky130_fd_pr__nfet_01v8/2 = 1            
                                           |  sky130_fd_pr__pfet_01v8/2 = 1            
                                           |                                           
Net: a_51154_13492#                        |Net: async_ctrl:async/rst_delay:rst_dly/d1 
  sky130_fd_pr__nfet_01v8/(1|3) = 1        |  sky130_fd_pr__nfet_01v8/(1|3) = 1        
                                           |  sky130_fd_pr__pfet_01v8/(1|3) = 1        
                                           |  sky130_fd_pr__nfet_01v8/2 = 1            
                                           |  sky130_fd_pr__pfet_01v8/2 = 1            
                                           |                                           
Net: a_34920_3268#                         |Net: async_ctrl:async/rst_delay:rst_dly/d2 
  sky130_fd_pr__nfet_01v8/(1|3) = 1        |  sky130_fd_pr__nfet_01v8/(1|3) = 1        
                                           |  sky130_fd_pr__pfet_01v8/(1|3) = 1        
                                           |  sky130_fd_pr__nfet_01v8/2 = 1            
                                           |  sky130_fd_pr__pfet_01v8/2 = 1            
                                           |                                           
Net: a_43954_13492#                        |Net: async_ctrl:async/rst_delay:rst_dly/d3 
  sky130_fd_pr__nfet_01v8/(1|3) = 1        |  sky130_fd_pr__nfet_01v8/(1|3) = 1        
                                           |  sky130_fd_pr__pfet_01v8/(1|3) = 1        
                                           |  sky130_fd_pr__nfet_01v8/2 = 1            
                                           |  sky130_fd_pr__pfet_01v8/2 = 1            
                                           |                                           
Net: a_32373_3268#                         |Net: async_ctrl:async/rst_delay:rst_dly/d4 
  sky130_fd_pr__nfet_01v8/(1|3) = 1        |  sky130_fd_pr__nfet_01v8/(1|3) = 1        
                                           |  sky130_fd_pr__pfet_01v8/(1|3) = 1        
                                           |  sky130_fd_pr__nfet_01v8/2 = 1            
                                           |  sky130_fd_pr__pfet_01v8/2 = 1            
                                           |                                           
Net: a_35570_3268#                         |Net: async_ctrl:async/rst_delay:rst_dly/d5 
  sky130_fd_pr__nfet_01v8/(1|3) = 1        |  sky130_fd_pr__nfet_01v8/(1|3) = 1        
                                           |  sky130_fd_pr__pfet_01v8/(1|3) = 1        
                                           |  sky130_fd_pr__nfet_01v8/2 = 1            
                                           |  sky130_fd_pr__pfet_01v8/2 = 1            
                                           |                                           
Net: a_11804_3268#                         |Net: async_ctrl:async/rst_delay:rst_dly/d6 
  sky130_fd_pr__nfet_01v8/(1|3) = 1        |  sky130_fd_pr__nfet_01v8/(1|3) = 1        
                                           |  sky130_fd_pr__pfet_01v8/(1|3) = 1        
                                           |  sky130_fd_pr__nfet_01v8/2 = 1            
                                           |  sky130_fd_pr__pfet_01v8/2 = 1            
                                           |                                           
Net: a_7307_3268#                          |Net: async_ctrl:async/rst_delay:rst_dly/d7 
  sky130_fd_pr__nfet_01v8/(1|3) = 1        |  sky130_fd_pr__nfet_01v8/(1|3) = 1        
                                           |  sky130_fd_pr__pfet_01v8/(1|3) = 1        
                                           |  sky130_fd_pr__nfet_01v8/2 = 1            
                                           |  sky130_fd_pr__pfet_01v8/2 = 1            
                                           |                                           
Net: a_15054_3268#                         |Net: async_ctrl:async/rst_delay:rst_dly/d8 
  sky130_fd_pr__nfet_01v8/(1|3) = 1        |  sky130_fd_pr__nfet_01v8/(1|3) = 1        
                                           |  sky130_fd_pr__pfet_01v8/(1|3) = 1        
                                           |  sky130_fd_pr__nfet_01v8/2 = 1            
                                           |  sky130_fd_pr__pfet_01v8/2 = 1            
                                           |                                           
Net: a_36220_3268#                         |Net: async_ctrl:async/settle_delay:settle_ 
  sky130_fd_pr__nfet_01v8/(1|3) = 1        |  sky130_fd_pr__nfet_01v8/(1|3) = 1        
                                           |  sky130_fd_pr__pfet_01v8/(1|3) = 1        
                                           |  sky130_fd_pr__nfet_01v8/2 = 1            
                                           |  sky130_fd_pr__pfet_01v8/2 = 1            
                                           |                                           
Net: a_36870_3268#                         |Net: async_ctrl:async/settle_delay:settle_ 
  sky130_fd_pr__nfet_01v8/(1|3) = 1        |  sky130_fd_pr__nfet_01v8/(1|3) = 1        
                                           |  sky130_fd_pr__pfet_01v8/(1|3) = 1        
                                           |  sky130_fd_pr__nfet_01v8/2 = 1            
                                           |  sky130_fd_pr__pfet_01v8/2 = 1            
                                           |                                           
Net: a_8607_3268#                          |Net: async_ctrl:async/settle_delay:settle_ 
  sky130_fd_pr__nfet_01v8/(1|3) = 1        |  sky130_fd_pr__nfet_01v8/(1|3) = 1        
                                           |  sky130_fd_pr__pfet_01v8/(1|3) = 1        
                                           |  sky130_fd_pr__nfet_01v8/2 = 1            
                                           |  sky130_fd_pr__pfet_01v8/2 = 1            
                                           |                                           
Net: a_28473_3268#                         |Net: async_ctrl:async/settle_delay:settle_ 
  sky130_fd_pr__nfet_01v8/(1|3) = 1        |  sky130_fd_pr__nfet_01v8/(1|3) = 1        
                                           |  sky130_fd_pr__pfet_01v8/(1|3) = 1        
                                           |  sky130_fd_pr__nfet_01v8/2 = 1            
                                           |  sky130_fd_pr__pfet_01v8/2 = 1            
                                           |                                           
Net: m3_5428_10362#                        |Net: async_ctrl:async/settle_delay:settle_ 
  sky130_fd_pr__cap_mim_m3_1/1 = 1         |  sky130_fd_pr__nfet_01v8/(1|3) = 1        
                                           |  sky130_fd_pr__pfet_01v8/(1|3) = 1        
                                           |  sky130_fd_pr__nfet_01v8/2 = 1            
                                           |  sky130_fd_pr__pfet_01v8/2 = 1            
                                           |                                           
Net: m3_27894_10362#                       |Net: async_ctrl:async/settle_delay:settle_ 
  sky130_fd_pr__cap_mim_m3_1/1 = 1         |  sky130_fd_pr__nfet_01v8/(1|3) = 1        
                                           |  sky130_fd_pr__pfet_01v8/(1|3) = 1        
                                           |  sky130_fd_pr__nfet_01v8/2 = 1            
                                           |  sky130_fd_pr__pfet_01v8/2 = 1            
                                           |                                           
Net: c1_31285_27713#                       |Net: async_ctrl:async/settle_delay:settle_ 
  sky130_fd_pr__cap_mim_m3_1/1 = 1         |  sky130_fd_pr__nfet_01v8/(1|3) = 1        
                                           |  sky130_fd_pr__pfet_01v8/(1|3) = 1        
                                           |  sky130_fd_pr__nfet_01v8/2 = 1            
                                           |  sky130_fd_pr__pfet_01v8/2 = 1            
                                           |                                           
Net: interleaved_adc_0.VREF                |Net: async_ctrl:async/settle_delay:settle_ 
  sky130_fd_pr__cap_mim_m3_1/1 = 1         |  sky130_fd_pr__nfet_01v8/(1|3) = 1        
                                           |  sky130_fd_pr__pfet_01v8/(1|3) = 1        
                                           |  sky130_fd_pr__nfet_01v8/2 = 1            
                                           |  sky130_fd_pr__pfet_01v8/2 = 1            
                                           |                                           
Net: c1_39604_11011#                       |Net: async_ctrl:async/settle_delay:settle_ 
  sky130_fd_pr__cap_mim_m3_1/1 = 1         |  sky130_fd_pr__nfet_01v8/(1|3) = 1        
                                           |  sky130_fd_pr__pfet_01v8/(1|3) = 1        
                                           |  sky130_fd_pr__nfet_01v8/2 = 1            
                                           |  sky130_fd_pr__pfet_01v8/2 = 1            
                                           |                                           
Net: m3_8754_5980#                         |Net: async_ctrl:async/settle_delay:settle_ 
  sky130_fd_pr__cap_mim_m3_1/2 = 1         |  sky130_fd_pr__nfet_01v8/(1|3) = 1        
                                           |  sky130_fd_pr__pfet_01v8/(1|3) = 1        
                                           |  sky130_fd_pr__nfet_01v8/2 = 1            
                                           |  sky130_fd_pr__pfet_01v8/2 = 1            
                                           |                                           
Net: m3_27416_8516#                        |Net: async_ctrl:async/settle_delay:settle_ 
  sky130_fd_pr__cap_mim_m3_1/2 = 1         |  sky130_fd_pr__nfet_01v8/(1|3) = 1        
                                           |  sky130_fd_pr__pfet_01v8/(1|3) = 1        
                                           |  sky130_fd_pr__nfet_01v8/2 = 1            
                                           |  sky130_fd_pr__pfet_01v8/2 = 1            
                                           |                                           
Net: m3_52251_19585#                       |Net: async_ctrl:async/settle_delay:settle_ 
  sky130_fd_pr__cap_mim_m3_1/2 = 1         |  sky130_fd_pr__nfet_01v8/(1|3) = 1        
                                           |  sky130_fd_pr__pfet_01v8/(1|3) = 1        
                                           |  sky130_fd_pr__nfet_01v8/2 = 1            
                                           |  sky130_fd_pr__pfet_01v8/2 = 1            
                                           |                                           
Net: m3_4472_3700#                         |Net: async_ctrl:async/settle_delay:settle_ 
  sky130_fd_pr__cap_mim_m3_1/2 = 1         |  sky130_fd_pr__nfet_01v8/(1|3) = 1        
                                           |  sky130_fd_pr__pfet_01v8/(1|3) = 1        
                                           |  sky130_fd_pr__nfet_01v8/2 = 1            
                                           |  sky130_fd_pr__pfet_01v8/2 = 1            
                                           |                                           
Net: m3_39576_10983#                       |Net: async_ctrl:async/settle_delay:settle_ 
  sky130_fd_pr__cap_mim_m3_1/2 = 1         |  sky130_fd_pr__nfet_01v8/(1|3) = 1        
                                           |  sky130_fd_pr__pfet_01v8/(1|3) = 1        
                                           |  sky130_fd_pr__nfet_01v8/2 = 1            
                                           |  sky130_fd_pr__pfet_01v8/2 = 1            
                                           |                                           
Net: a_54706_13724#                        |Net: async_ctrl:async/settle_delay:settle_ 
  sky130_fd_pr__nfet_01v8/2 = 1            |  sky130_fd_pr__nfet_01v8/(1|3) = 1        
                                           |  sky130_fd_pr__pfet_01v8/(1|3) = 1        
                                           |  sky130_fd_pr__nfet_01v8/2 = 1            
                                           |  sky130_fd_pr__pfet_01v8/2 = 1            
                                           |                                           
Net: a_5445_4246#                          |Net: async_ctrl:async/settle_delay:settle_ 
  sky130_fd_pr__nfet_01v8/2 = 1            |  sky130_fd_pr__nfet_01v8/(1|3) = 1        
                                           |  sky130_fd_pr__pfet_01v8/(1|3) = 1        
                                           |  sky130_fd_pr__nfet_01v8/2 = 1            
                                           |  sky130_fd_pr__pfet_01v8/2 = 1            
                                           |                                           
Net: a_9249_4246#                          |Net: async_ctrl:async/settle_delay:settle_ 
  sky130_fd_pr__nfet_01v8/2 = 1            |  sky130_fd_pr__nfet_01v8/(1|3) = 1        
                                           |  sky130_fd_pr__pfet_01v8/(1|3) = 1        
                                           |  sky130_fd_pr__nfet_01v8/2 = 1            
                                           |  sky130_fd_pr__pfet_01v8/2 = 1            
                                           |                                           
Net: a_27911_4246#                         |Net: async_ctrl:async/settle_delay:settle_ 
  sky130_fd_pr__nfet_01v8/2 = 1            |  sky130_fd_pr__nfet_01v8/(1|3) = 1        
                                           |  sky130_fd_pr__pfet_01v8/(1|3) = 1        
                                           |  sky130_fd_pr__nfet_01v8/2 = 1            
                                           |  sky130_fd_pr__pfet_01v8/2 = 1            
                                           |                                           
Net: a_7981_4246#                          |Net: async_ctrl:async/settle_delay:settle_ 
  sky130_fd_pr__nfet_01v8/2 = 1            |  sky130_fd_pr__nfet_01v8/(1|3) = 1        
                                           |  sky130_fd_pr__pfet_01v8/(1|3) = 1        
                                           |  sky130_fd_pr__nfet_01v8/2 = 1            
                                           |  sky130_fd_pr__pfet_01v8/2 = 1            
                                           |                                           
Net: a_29179_4246#                         |Net: async_ctrl:async/go_b                 
  sky130_fd_pr__nfet_01v8/2 = 1            |  sky130_fd_pr__nfet_01v8/(1|3) = 1        
                                           |  sky130_fd_pr__pfet_01v8/(1|3) = 1        
                                           |  sky130_fd_pr__nfet_01v8/2 = 1            
                                           |  sky130_fd_pr__pfet_01v8/2 = 1            
                                           |                                           
Net: a_31715_4246#                         |Net: async_ctrl:async/rst_dly_raw          
  sky130_fd_pr__nfet_01v8/2 = 1            |  sky130_fd_pr__nfet_01v8/(1|3) = 1        
                                           |  sky130_fd_pr__pfet_01v8/(1|3) = 1        
                                           |  sky130_fd_pr__nfet_01v8/2 = 1            
                                           |  sky130_fd_pr__pfet_01v8/2 = 1            
                                           |                                           
Net: a_50766_8390#                         |Net: async_ctrl:async/rst_delayed          
  sky130_fd_pr__nfet_01v8/2 = 1            |  sky130_fd_pr__nfet_01v8/(1|3) = 1        
                                           |  sky130_fd_pr__pfet_01v8/(1|3) = 1        
                                           |  sky130_fd_pr__nfet_01v8/2 = 1            
                                           |  sky130_fd_pr__pfet_01v8/2 = 1            
                                           |                                           
Net: a_29633_15093#                        |Net: async_ctrl:async/rst_delay:rst_dly/d0 
  sky130_fd_pr__nfet_01v8/2 = 1            |  sky130_fd_pr__nfet_01v8/(1|3) = 1        
                                           |  sky130_fd_pr__pfet_01v8/(1|3) = 1        
                                           |  sky130_fd_pr__nfet_01v8/2 = 1            
                                           |  sky130_fd_pr__pfet_01v8/2 = 1            
                                           |                                           
Net: a_6713_4246#                          |Net: wb_000                                
  sky130_fd_pr__nfet_01v8/2 = 1            |  sky130_fd_pr__nfet_01v8/2 = 2            
                                           |  sky130_fd_pr__pfet_01v8/2 = 1            
                                           |                                           
Net: a_43906_13724#                        |Net: wb_001                                
  sky130_fd_pr__nfet_01v8/2 = 1            |  sky130_fd_pr__nfet_01v8/2 = 2            
                                           |  sky130_fd_pr__pfet_01v8/2 = 1            
                                           |                                           
Net: a_49766_8406#                         |Net: wb_002                                
  sky130_fd_pr__nfet_01v8/2 = 1            |  sky130_fd_pr__nfet_01v8/2 = 2            
                                           |  sky130_fd_pr__pfet_01v8/2 = 1            
                                           |                                           
Net: a_30447_4246#                         |Net: wb_003                                
  sky130_fd_pr__nfet_01v8/2 = 1            |  sky130_fd_pr__nfet_01v8/2 = 2            
                                           |  sky130_fd_pr__pfet_01v8/2 = 1            
                                           |                                           
Net: a_7893_2798#                          |Net: wb_010                                
  sky130_fd_pr__nfet_01v8/(1|3) = 1        |  sky130_fd_pr__nfet_01v8/2 = 2            
                                           |  sky130_fd_pr__pfet_01v8/2 = 1            
                                           |                                           
Net: a_30359_2798#                         |Net: wb_011                                
  sky130_fd_pr__nfet_01v8/(1|3) = 1        |  sky130_fd_pr__nfet_01v8/2 = 2            
                                           |  sky130_fd_pr__pfet_01v8/2 = 1            
                                           |                                           
Net: a_8093_3352#                          |Net: wb_012                                
  sky130_fd_pr__pfet_01v8/(1|3) = 1        |  sky130_fd_pr__nfet_01v8/2 = 2            
                                           |  sky130_fd_pr__pfet_01v8/2 = 1            
                                           |                                           
Net: a_30559_3352#                         |Net: wb_013                                
  sky130_fd_pr__pfet_01v8/(1|3) = 1        |  sky130_fd_pr__nfet_01v8/2 = 2            
                                           |  sky130_fd_pr__pfet_01v8/2 = 1            
                                           |                                           
Net: a_7957_3738#                          |Net: wb_020                                
  sky130_fd_pr__pfet_01v8/(1|3) = 1        |  sky130_fd_pr__nfet_01v8/2 = 2            
                                           |  sky130_fd_pr__pfet_01v8/2 = 1            
                                           |                                           
Net: a_30423_3738#                         |Net: wb_021                                
  sky130_fd_pr__pfet_01v8/(1|3) = 1        |  sky130_fd_pr__nfet_01v8/2 = 2            
                                           |  sky130_fd_pr__pfet_01v8/2 = 1            
                                           |                                           
Net: w_7881_3612#                          |Net: wb_022                                
  sky130_fd_pr__pfet_01v8/4 = 1            |  sky130_fd_pr__nfet_01v8/2 = 2            
                                           |  sky130_fd_pr__pfet_01v8/2 = 1            
                                           |                                           
Net: w_30347_3612#                         |Net: wb_023                                
  sky130_fd_pr__pfet_01v8/4 = 1            |  sky130_fd_pr__nfet_01v8/2 = 2            
                                           |  sky130_fd_pr__pfet_01v8/2 = 1            
                                           |                                           
Net: interleaved_adc_0.VDD                 |Net: wb_100                                
  sky130_fd_pr__nfet_01v8/2 = 2            |  sky130_fd_pr__nfet_01v8/2 = 2            
  sky130_fd_pr__pfet_01v8/2 = 4            |  sky130_fd_pr__pfet_01v8/2 = 1            
  sky130_fd_pr__cap_mim_m3_1/2 = 2         |                                           
  sky130_fd_pr__cap_mim_m3_1/1 = 2         |                                           
  sky130_fd_pr__pfet_01v8/(1|3) = 5        |                                           
  sky130_fd_pr__nfet_01v8/(1|3) = 2        |                                           
                                           |                                           
Net: sample_hold_bank_0.vss                |Net: wb_101                                
  sky130_fd_pr__nfet_01v8/4 = 67           |  sky130_fd_pr__nfet_01v8/2 = 2            
  sky130_fd_pr__pfet_01v8/(1|3) = 12       |  sky130_fd_pr__pfet_01v8/2 = 1            
  sky130_fd_pr__nfet_01v8/2 = 3            |                                           
  sky130_fd_pr__pfet_01v8/2 = 4            |                                           
  sky130_fd_pr__nfet_01v8/(1|3) = 6        |                                           
                                           |                                           
Net: async_ctrl_0.GO                       |Net: wb_102                                
  sky130_fd_pr__nfet_01v8/(1|3) = 2        |  sky130_fd_pr__nfet_01v8/2 = 2            
  sky130_fd_pr__nfet_01v8/2 = 4            |  sky130_fd_pr__pfet_01v8/2 = 1            
  sky130_fd_pr__pfet_01v8/(1|3) = 34       |                                           
  sky130_fd_pr__pfet_01v8/2 = 16           |                                           
                                           |                                           
Net: a_30495_3352#                         |Net: wb_103                                
  sky130_fd_pr__pfet_01v8/(1|3) = 2        |  sky130_fd_pr__nfet_01v8/2 = 2            
                                           |  sky130_fd_pr__pfet_01v8/2 = 1            
                                           |                                           
Net: a_8029_3352#                          |Net: wb_110                                
  sky130_fd_pr__pfet_01v8/(1|3) = 2        |  sky130_fd_pr__nfet_01v8/2 = 2            
                                           |  sky130_fd_pr__pfet_01v8/2 = 1            
                                           |                                           
Net: w_30283_3142#                         |Net: wb_111                                
  sky130_fd_pr__pfet_01v8/4 = 2            |  sky130_fd_pr__nfet_01v8/2 = 2            
                                           |  sky130_fd_pr__pfet_01v8/2 = 1            
                                           |                                           
Net: w_7817_3142#                          |Net: wb_112                                
  sky130_fd_pr__pfet_01v8/4 = 2            |  sky130_fd_pr__nfet_01v8/2 = 2            
                                           |  sky130_fd_pr__pfet_01v8/2 = 1            
                                           |                                           
Net: a_28669_12001#                        |Net: wb_113                                
  sky130_fd_pr__nfet_01v8/(1|3) = 2        |  sky130_fd_pr__nfet_01v8/2 = 2            
                                           |  sky130_fd_pr__pfet_01v8/2 = 1            
                                           |                                           
Net: a_6203_12001#                         |Net: wb_120                                
  sky130_fd_pr__nfet_01v8/(1|3) = 2        |  sky130_fd_pr__nfet_01v8/2 = 2            
                                           |  sky130_fd_pr__pfet_01v8/2 = 1            
                                           |                                           
Net: a_49178_8242#                         |Net: wb_121                                
  sky130_fd_pr__nfet_01v8/(1|3) = 2        |  sky130_fd_pr__nfet_01v8/2 = 2            
                                           |  sky130_fd_pr__pfet_01v8/2 = 1            
                                           |                                           
Net: interleaved_adc_0.adc_unit_0_0.D7     |Net: wb_122                                
  sky130_fd_pr__pfet_01v8/(1|3) = 1        |  sky130_fd_pr__nfet_01v8/2 = 2            
  sky130_fd_pr__nfet_01v8/(1|3) = 1        |  sky130_fd_pr__pfet_01v8/2 = 1            
                                           |                                           
Net: interleaved_adc_0.adc_unit_1_0.D7     |Net: wb_123                                
  sky130_fd_pr__nfet_01v8/(1|3) = 1        |  sky130_fd_pr__nfet_01v8/2 = 2            
  sky130_fd_pr__pfet_01v8/(1|3) = 1        |  sky130_fd_pr__pfet_01v8/2 = 1            
                                           |                                           
Net: interleaved_adc_0.adc_unit_1_0.D6     |Net: wb_200                                
  sky130_fd_pr__pfet_01v8/(1|3) = 1        |  sky130_fd_pr__nfet_01v8/2 = 2            
  sky130_fd_pr__nfet_01v8/(1|3) = 1        |  sky130_fd_pr__pfet_01v8/2 = 1            
                                           |                                           
Net: a_30495_4098#                         |Net: wb_201                                
  sky130_fd_pr__pfet_01v8/(1|3) = 1        |  sky130_fd_pr__nfet_01v8/2 = 2            
  sky130_fd_pr__nfet_01v8/(1|3) = 1        |  sky130_fd_pr__pfet_01v8/2 = 1            
                                           |                                           
Net: a_30359_4098#                         |Net: wb_202                                
  sky130_fd_pr__pfet_01v8/(1|3) = 1        |  sky130_fd_pr__nfet_01v8/2 = 2            
  sky130_fd_pr__nfet_01v8/(1|3) = 1        |  sky130_fd_pr__pfet_01v8/2 = 1            
                                           |                                           
Net: a_5493_4098#                          |Net: wb_203                                
  sky130_fd_pr__nfet_01v8/(1|3) = 1        |  sky130_fd_pr__nfet_01v8/2 = 2            
  sky130_fd_pr__pfet_01v8/(1|3) = 1        |  sky130_fd_pr__pfet_01v8/2 = 1            
                                           |                                           
Net: a_5357_4098#                          |Net: wb_210                                
  sky130_fd_pr__nfet_01v8/(1|3) = 1        |  sky130_fd_pr__nfet_01v8/2 = 2            
  sky130_fd_pr__pfet_01v8/(1|3) = 1        |  sky130_fd_pr__pfet_01v8/2 = 1            
                                           |                                           
Net: a_37006_3268#                         |Net: wb_211                                
  sky130_fd_pr__pfet_01v8/(1|3) = 1        |  sky130_fd_pr__nfet_01v8/2 = 2            
  sky130_fd_pr__nfet_01v8/(1|3) = 1        |  sky130_fd_pr__pfet_01v8/2 = 1            
                                           |                                           
Net: interleaved_adc_0.adc_unit_0_0.D2     |Net: wb_212                                
  sky130_fd_pr__pfet_01v8/(1|3) = 1        |  sky130_fd_pr__nfet_01v8/2 = 2            
  sky130_fd_pr__nfet_01v8/(1|3) = 1        |  sky130_fd_pr__pfet_01v8/2 = 1            
                                           |                                           
Net: interleaved_adc_0.adc_unit_0_0.D5     |Net: wb_213                                
  sky130_fd_pr__nfet_01v8/(1|3) = 1        |  sky130_fd_pr__nfet_01v8/2 = 2            
  sky130_fd_pr__pfet_01v8/(1|3) = 1        |  sky130_fd_pr__pfet_01v8/2 = 1            
                                           |                                           
Net: interleaved_adc_0.adc_unit_0_0.D4     |Net: wb_220                                
  sky130_fd_pr__pfet_01v8/(1|3) = 1        |  sky130_fd_pr__nfet_01v8/2 = 2            
  sky130_fd_pr__nfet_01v8/(1|3) = 1        |  sky130_fd_pr__pfet_01v8/2 = 1            
                                           |                                           
Net: interleaved_adc_0.adc_unit_1_0.D1     |Net: wb_221                                
  sky130_fd_pr__nfet_01v8/(1|3) = 1        |  sky130_fd_pr__nfet_01v8/2 = 2            
  sky130_fd_pr__pfet_01v8/(1|3) = 1        |  sky130_fd_pr__pfet_01v8/2 = 1            
                                           |                                           
Net: interleaved_adc_0.adc_unit_1_0.D0     |Net: wb_222                                
  sky130_fd_pr__pfet_01v8/(1|3) = 1        |  sky130_fd_pr__nfet_01v8/2 = 2            
  sky130_fd_pr__nfet_01v8/(1|3) = 1        |  sky130_fd_pr__pfet_01v8/2 = 1            
                                           |                                           
Net: interleaved_adc_0.adc_unit_1_0.D4     |Net: wb_223                                
  sky130_fd_pr__nfet_01v8/(1|3) = 1        |  sky130_fd_pr__nfet_01v8/2 = 2            
  sky130_fd_pr__pfet_01v8/(1|3) = 1        |  sky130_fd_pr__pfet_01v8/2 = 1            
                                           |                                           
Net: a_9297_4098#                          |Net: interleaved_adc:adc/u0_sw0            
  sky130_fd_pr__nfet_01v8/(1|3) = 1        |  sky130_fd_pr__nfet_01v8/2 = 2            
  sky130_fd_pr__pfet_01v8/(1|3) = 1        |  sky130_fd_pr__pfet_01v8/2 = 1            
                                           |                                           
Net: a_9161_4098#                          |Net: interleaved_adc:adc/u0_sw1            
  sky130_fd_pr__nfet_01v8/(1|3) = 1        |  sky130_fd_pr__nfet_01v8/2 = 2            
  sky130_fd_pr__pfet_01v8/(1|3) = 1        |  sky130_fd_pr__pfet_01v8/2 = 1            
                                           |                                           
Net: a_27959_4098#                         |Net: interleaved_adc:adc/u0_sw2            
  sky130_fd_pr__nfet_01v8/(1|3) = 1        |  sky130_fd_pr__nfet_01v8/2 = 2            
  sky130_fd_pr__pfet_01v8/(1|3) = 1        |  sky130_fd_pr__pfet_01v8/2 = 1            
                                           |                                           
Net: a_27823_4098#                         |Net: interleaved_adc:adc/u0_sw3            
  sky130_fd_pr__nfet_01v8/(1|3) = 1        |  sky130_fd_pr__nfet_01v8/2 = 2            
  sky130_fd_pr__pfet_01v8/(1|3) = 1        |  sky130_fd_pr__pfet_01v8/2 = 1            
                                           |                                           
Net: interleaved_adc_0.adc_unit_0_0.D3     |Net: interleaved_adc:adc/u1_sw0            
  sky130_fd_pr__nfet_01v8/(1|3) = 1        |  sky130_fd_pr__nfet_01v8/2 = 2            
  sky130_fd_pr__pfet_01v8/(1|3) = 1        |  sky130_fd_pr__pfet_01v8/2 = 1            
                                           |                                           
Net: a_8029_4098#                          |Net: interleaved_adc:adc/u1_sw1            
  sky130_fd_pr__nfet_01v8/(1|3) = 1        |  sky130_fd_pr__nfet_01v8/2 = 2            
  sky130_fd_pr__pfet_01v8/(1|3) = 1        |  sky130_fd_pr__pfet_01v8/2 = 1            
                                           |                                           
Net: a_7893_4098#                          |Net: interleaved_adc:adc/u1_sw2            
  sky130_fd_pr__nfet_01v8/(1|3) = 1        |  sky130_fd_pr__nfet_01v8/2 = 2            
  sky130_fd_pr__pfet_01v8/(1|3) = 1        |  sky130_fd_pr__pfet_01v8/2 = 1            
                                           |                                           
Net: a_13240_3268#                         |Net: interleaved_adc:adc/u1_sw3            
  sky130_fd_pr__nfet_01v8/(1|3) = 1        |  sky130_fd_pr__nfet_01v8/2 = 2            
  sky130_fd_pr__pfet_01v8/(1|3) = 1        |  sky130_fd_pr__pfet_01v8/2 = 1            
                                           |                                           
Net: interleaved_adc_0.adc_unit_0_0.D6     |Net: imc_crossbar:xbar/imc_crossbar_xpt_ca 
  sky130_fd_pr__nfet_01v8/(1|3) = 1        |  sky130_fd_pr__nfet_01v8/(1|3) = 1        
  sky130_fd_pr__pfet_01v8/(1|3) = 1        |  sky130_fd_pr__pfet_01v8/(1|3) = 1        
                                           |  sky130_fd_pr__pfet_01v8/2 = 1            
                                           |                                           
Net: a_9393_3268#                          |Net: imc_crossbar:xbar/imc_crossbar_xpt_ca 
  sky130_fd_pr__nfet_01v8/(1|3) = 1        |  sky130_fd_pr__nfet_01v8/(1|3) = 1        
  sky130_fd_pr__pfet_01v8/(1|3) = 1        |  sky130_fd_pr__pfet_01v8/(1|3) = 1        
                                           |  sky130_fd_pr__pfet_01v8/2 = 1            
                                           |                                           
Net: a_31859_3268#                         |Net: imc_crossbar:xbar/imc_crossbar_xpt_ca 
  sky130_fd_pr__nfet_01v8/(1|3) = 1        |  sky130_fd_pr__nfet_01v8/(1|3) = 1        
  sky130_fd_pr__pfet_01v8/(1|3) = 1        |  sky130_fd_pr__pfet_01v8/(1|3) = 1        
                                           |  sky130_fd_pr__pfet_01v8/2 = 1            
                                           |                                           
Net: a_33106_3268#                         |Net: imc_crossbar:xbar/imc_crossbar_xpt_ca 
  sky130_fd_pr__nfet_01v8/(1|3) = 1        |  sky130_fd_pr__nfet_01v8/(1|3) = 1        
  sky130_fd_pr__pfet_01v8/(1|3) = 1        |  sky130_fd_pr__pfet_01v8/(1|3) = 1        
                                           |  sky130_fd_pr__pfet_01v8/2 = 1            
                                           |                                           
Net: a_29227_4098#                         |Net: imc_crossbar:xbar/imc_crossbar_xpt_ca 
  sky130_fd_pr__nfet_01v8/(1|3) = 1        |  sky130_fd_pr__nfet_01v8/(1|3) = 1        
  sky130_fd_pr__pfet_01v8/(1|3) = 1        |  sky130_fd_pr__pfet_01v8/(1|3) = 1        
                                           |  sky130_fd_pr__pfet_01v8/2 = 1            
                                           |                                           
Net: a_29091_4098#                         |Net: imc_crossbar:xbar/imc_crossbar_xpt_ca 
  sky130_fd_pr__nfet_01v8/(1|3) = 1        |  sky130_fd_pr__nfet_01v8/(1|3) = 1        
  sky130_fd_pr__pfet_01v8/(1|3) = 1        |  sky130_fd_pr__pfet_01v8/(1|3) = 1        
                                           |  sky130_fd_pr__pfet_01v8/2 = 1            
                                           |                                           
Net: a_5357_3268#                          |Net: imc_crossbar:xbar/imc_crossbar_xpt_ca 
  sky130_fd_pr__nfet_01v8/(1|3) = 1        |  sky130_fd_pr__nfet_01v8/(1|3) = 1        
  sky130_fd_pr__pfet_01v8/(1|3) = 1        |  sky130_fd_pr__pfet_01v8/(1|3) = 1        
                                           |  sky130_fd_pr__pfet_01v8/2 = 1            
                                           |                                           
Net: a_14540_3268#                         |Net: imc_crossbar:xbar/imc_crossbar_xpt_ca 
  sky130_fd_pr__nfet_01v8/(1|3) = 1        |  sky130_fd_pr__nfet_01v8/(1|3) = 1        
  sky130_fd_pr__pfet_01v8/(1|3) = 1        |  sky130_fd_pr__pfet_01v8/(1|3) = 1        
                                           |  sky130_fd_pr__pfet_01v8/2 = 1            
                                           |                                           
Net: a_31763_4098#                         |Net: imc_crossbar:xbar/imc_crossbar_xpt_ca 
  sky130_fd_pr__nfet_01v8/(1|3) = 1        |  sky130_fd_pr__nfet_01v8/(1|3) = 1        
  sky130_fd_pr__pfet_01v8/(1|3) = 1        |  sky130_fd_pr__pfet_01v8/(1|3) = 1        
                                           |  sky130_fd_pr__pfet_01v8/2 = 1            
                                           |                                           
Net: a_31627_4098#                         |Net: imc_crossbar:xbar/imc_crossbar_xpt_ca 
  sky130_fd_pr__nfet_01v8/(1|3) = 1        |  sky130_fd_pr__nfet_01v8/(1|3) = 1        
  sky130_fd_pr__pfet_01v8/(1|3) = 1        |  sky130_fd_pr__pfet_01v8/(1|3) = 1        
                                           |  sky130_fd_pr__pfet_01v8/2 = 1            
                                           |                                           
Net: interleaved_adc_0.adc_unit_1_0.D2     |Net: imc_crossbar:xbar/imc_crossbar_xpt_ca 
  sky130_fd_pr__nfet_01v8/(1|3) = 1        |  sky130_fd_pr__nfet_01v8/(1|3) = 1        
  sky130_fd_pr__pfet_01v8/(1|3) = 1        |  sky130_fd_pr__pfet_01v8/(1|3) = 1        
                                           |  sky130_fd_pr__pfet_01v8/2 = 1            
                                           |                                           
Net: a_34406_3268#                         |Net: imc_crossbar:xbar/imc_crossbar_xpt_ca 
  sky130_fd_pr__nfet_01v8/(1|3) = 1        |  sky130_fd_pr__nfet_01v8/(1|3) = 1        
  sky130_fd_pr__pfet_01v8/(1|3) = 1        |  sky130_fd_pr__pfet_01v8/(1|3) = 1        
                                           |  sky130_fd_pr__pfet_01v8/2 = 1            
                                           |                                           
Net: a_10640_3268#                         |Net: imc_crossbar:xbar/imc_crossbar_xpt_ca 
  sky130_fd_pr__nfet_01v8/(1|3) = 1        |  sky130_fd_pr__nfet_01v8/(1|3) = 1        
  sky130_fd_pr__pfet_01v8/(1|3) = 1        |  sky130_fd_pr__pfet_01v8/(1|3) = 1        
                                           |  sky130_fd_pr__pfet_01v8/2 = 1            
                                           |                                           
Net: interleaved_adc_0.adc_unit_0_0.D0     |Net: imc_crossbar:xbar/imc_crossbar_xpt_ca 
  sky130_fd_pr__nfet_01v8/(1|3) = 1        |  sky130_fd_pr__nfet_01v8/(1|3) = 1        
  sky130_fd_pr__pfet_01v8/(1|3) = 1        |  sky130_fd_pr__pfet_01v8/(1|3) = 1        
                                           |  sky130_fd_pr__pfet_01v8/2 = 1            
                                           |                                           
Net: a_27823_3268#                         |Net: imc_crossbar:xbar/imc_crossbar_xpt_ca 
  sky130_fd_pr__nfet_01v8/(1|3) = 1        |  sky130_fd_pr__nfet_01v8/(1|3) = 1        
  sky130_fd_pr__pfet_01v8/(1|3) = 1        |  sky130_fd_pr__pfet_01v8/(1|3) = 1        
                                           |  sky130_fd_pr__pfet_01v8/2 = 1            
                                           |                                           
Net: a_6761_4098#                          |Net: imc_crossbar:xbar/imc_crossbar_xpt_ca 
  sky130_fd_pr__nfet_01v8/(1|3) = 1        |  sky130_fd_pr__nfet_01v8/(1|3) = 1        
  sky130_fd_pr__pfet_01v8/(1|3) = 1        |  sky130_fd_pr__pfet_01v8/(1|3) = 1        
                                           |  sky130_fd_pr__pfet_01v8/2 = 1            
                                           |                                           
Net: a_6625_4098#                          |Net: imc_crossbar:xbar/imc_crossbar_xpt_ca 
  sky130_fd_pr__nfet_01v8/(1|3) = 1        |  sky130_fd_pr__nfet_01v8/(1|3) = 1        
  sky130_fd_pr__pfet_01v8/(1|3) = 1        |  sky130_fd_pr__pfet_01v8/(1|3) = 1        
                                           |  sky130_fd_pr__pfet_01v8/2 = 1            
                                           |                                           
Net: interleaved_adc_0.adc_unit_1_0.D5     |Net: imc_crossbar:xbar/imc_crossbar_xpt_ca 
  sky130_fd_pr__nfet_01v8/(1|3) = 1        |  sky130_fd_pr__nfet_01v8/(1|3) = 1        
  sky130_fd_pr__pfet_01v8/(1|3) = 1        |  sky130_fd_pr__pfet_01v8/(1|3) = 1        
                                           |  sky130_fd_pr__pfet_01v8/2 = 1            
                                           |                                           
Net: interleaved_adc_0.adc_unit_1_0.D3     |Net: imc_crossbar:xbar/imc_crossbar_xpt_ca 
  sky130_fd_pr__nfet_01v8/(1|3) = 1        |  sky130_fd_pr__nfet_01v8/(1|3) = 1        
  sky130_fd_pr__pfet_01v8/(1|3) = 1        |  sky130_fd_pr__pfet_01v8/(1|3) = 1        
                                           |  sky130_fd_pr__pfet_01v8/2 = 1            
                                           |                                           
Net: a_35706_3268#                         |Net: imc_crossbar:xbar/imc_crossbar_xpt_ca 
  sky130_fd_pr__nfet_01v8/(1|3) = 1        |  sky130_fd_pr__nfet_01v8/(1|3) = 1        
  sky130_fd_pr__pfet_01v8/(1|3) = 1        |  sky130_fd_pr__pfet_01v8/(1|3) = 1        
                                           |  sky130_fd_pr__pfet_01v8/2 = 1            
                                           |                                           
Net: a_11940_3268#                         |Net: imc_crossbar:xbar/imc_crossbar_xpt_ca 
  sky130_fd_pr__nfet_01v8/(1|3) = 1        |  sky130_fd_pr__nfet_01v8/(1|3) = 1        
  sky130_fd_pr__pfet_01v8/(1|3) = 1        |  sky130_fd_pr__pfet_01v8/(1|3) = 1        
                                           |  sky130_fd_pr__pfet_01v8/2 = 1            
                                           |                                           
Net: interleaved_adc_0.adc_unit_0_0.D1     |Net: imc_crossbar:xbar/imc_crossbar_xpt_ca 
  sky130_fd_pr__nfet_01v8/(1|3) = 1        |  sky130_fd_pr__nfet_01v8/(1|3) = 1        
  sky130_fd_pr__pfet_01v8/(1|3) = 1        |  sky130_fd_pr__pfet_01v8/(1|3) = 1        
                                           |  sky130_fd_pr__pfet_01v8/2 = 1            
                                           |                                           
Net: a_15142_3416#                         |Net: imc_crossbar:xbar/imc_crossbar_xpt_ca 
  sky130_fd_pr__pfet_01v8/2 = 1            |  sky130_fd_pr__nfet_01v8/(1|3) = 1        
  sky130_fd_pr__nfet_01v8/2 = 1            |  sky130_fd_pr__pfet_01v8/(1|3) = 1        
                                           |  sky130_fd_pr__pfet_01v8/2 = 1            
                                           |                                           
Net: a_37608_3416#                         |Net: imc_crossbar:xbar/imc_crossbar_xpt_ca 
  sky130_fd_pr__nfet_01v8/2 = 1            |  sky130_fd_pr__nfet_01v8/(1|3) = 1        
  sky130_fd_pr__pfet_01v8/2 = 1            |  sky130_fd_pr__pfet_01v8/(1|3) = 1        
                                           |  sky130_fd_pr__pfet_01v8/2 = 1            
                                           |                                           
Net: a_36308_3416#                         |Net: imc_crossbar:xbar/imc_crossbar_xpt_ca 
  sky130_fd_pr__pfet_01v8/2 = 1            |  sky130_fd_pr__nfet_01v8/(1|3) = 1        
  sky130_fd_pr__nfet_01v8/2 = 1            |  sky130_fd_pr__pfet_01v8/(1|3) = 1        
                                           |  sky130_fd_pr__pfet_01v8/2 = 1            
                                           |                                           
Net: a_36958_3416#                         |Net: imc_crossbar:xbar/imc_crossbar_xpt_ca 
  sky130_fd_pr__pfet_01v8/2 = 1            |  sky130_fd_pr__nfet_01v8/(1|3) = 1        
  sky130_fd_pr__nfet_01v8/2 = 1            |  sky130_fd_pr__pfet_01v8/(1|3) = 1        
                                           |  sky130_fd_pr__pfet_01v8/2 = 1            
                                           |                                           
Net: a_8695_3416#                          |Net: imc_crossbar:xbar/imc_crossbar_xpt_ca 
  sky130_fd_pr__pfet_01v8/2 = 1            |  sky130_fd_pr__nfet_01v8/(1|3) = 1        
  sky130_fd_pr__nfet_01v8/2 = 1            |  sky130_fd_pr__pfet_01v8/(1|3) = 1        
                                           |  sky130_fd_pr__pfet_01v8/2 = 1            
                                           |                                           
Net: a_12542_3416#                         |Net: imc_crossbar:xbar/imc_crossbar_xpt_ca 
  sky130_fd_pr__nfet_01v8/2 = 1            |  sky130_fd_pr__nfet_01v8/(1|3) = 1        
  sky130_fd_pr__pfet_01v8/2 = 1            |  sky130_fd_pr__pfet_01v8/(1|3) = 1        
                                           |  sky130_fd_pr__pfet_01v8/2 = 1            
                                           |                                           
Net: a_11242_3416#                         |Net: imc_crossbar:xbar/imc_crossbar_xpt_ca 
  sky130_fd_pr__pfet_01v8/2 = 1            |  sky130_fd_pr__nfet_01v8/(1|3) = 1        
  sky130_fd_pr__nfet_01v8/2 = 1            |  sky130_fd_pr__pfet_01v8/(1|3) = 1        
                                           |  sky130_fd_pr__pfet_01v8/2 = 1            
                                           |                                           
Net: a_29861_3416#                         |Net: imc_crossbar:xbar/imc_crossbar_xpt_ca 
  sky130_fd_pr__nfet_01v8/2 = 1            |  sky130_fd_pr__nfet_01v8/(1|3) = 1        
  sky130_fd_pr__pfet_01v8/2 = 1            |  sky130_fd_pr__pfet_01v8/(1|3) = 1        
                                           |  sky130_fd_pr__pfet_01v8/2 = 1            
                                           |                                           
Net: a_28561_3416#                         |Net: imc_crossbar:xbar/imc_crossbar_xpt_ca 
  sky130_fd_pr__pfet_01v8/2 = 1            |  sky130_fd_pr__nfet_01v8/(1|3) = 1        
  sky130_fd_pr__nfet_01v8/2 = 1            |  sky130_fd_pr__pfet_01v8/(1|3) = 1        
                                           |  sky130_fd_pr__pfet_01v8/2 = 1            
                                           |                                           
Net: a_33708_3416#                         |Net: imc_crossbar:xbar/imc_crossbar_xpt_ca 
  sky130_fd_pr__nfet_01v8/2 = 1            |  sky130_fd_pr__nfet_01v8/(1|3) = 1        
  sky130_fd_pr__pfet_01v8/2 = 1            |  sky130_fd_pr__pfet_01v8/(1|3) = 1        
                                           |  sky130_fd_pr__pfet_01v8/2 = 1            
                                           |                                           
Net: a_9995_3416#                          |Net: imc_crossbar:xbar/imc_crossbar_xpt_ca 
  sky130_fd_pr__nfet_01v8/2 = 1            |  sky130_fd_pr__nfet_01v8/(1|3) = 1        
  sky130_fd_pr__pfet_01v8/2 = 1            |  sky130_fd_pr__pfet_01v8/(1|3) = 1        
                                           |  sky130_fd_pr__pfet_01v8/2 = 1            
                                           |                                           
Net: a_13192_3416#                         |Net: imc_crossbar:xbar/imc_crossbar_xpt_ca 
  sky130_fd_pr__nfet_01v8/2 = 1            |  sky130_fd_pr__nfet_01v8/(1|3) = 1        
  sky130_fd_pr__pfet_01v8/2 = 1            |  sky130_fd_pr__pfet_01v8/(1|3) = 1        
                                           |  sky130_fd_pr__pfet_01v8/2 = 1            
                                           |                                           
Net: a_13424_18561#                        |Net: imc_crossbar:xbar/imc_crossbar_xpt_ca 
  sky130_fd_pr__nfet_01v8/2 = 1            |  sky130_fd_pr__nfet_01v8/(1|3) = 1        
  sky130_fd_pr__pfet_01v8/2 = 1            |  sky130_fd_pr__pfet_01v8/(1|3) = 1        
                                           |  sky130_fd_pr__pfet_01v8/2 = 1            
                                           |                                           
Net: a_13842_3416#                         |Net: imc_crossbar:xbar/imc_crossbar_xpt_ca 
  sky130_fd_pr__nfet_01v8/2 = 1            |  sky130_fd_pr__nfet_01v8/(1|3) = 1        
  sky130_fd_pr__pfet_01v8/2 = 1            |  sky130_fd_pr__pfet_01v8/(1|3) = 1        
                                           |  sky130_fd_pr__pfet_01v8/2 = 1            
                                           |                                           
Net: a_33058_3416#                         |Net: interleaved_adc:adc/iadc_cdac:u0_cdac 
  sky130_fd_pr__nfet_01v8/2 = 1            |  sky130_fd_pr__nfet_01v8/(1|3) = 1        
  sky130_fd_pr__pfet_01v8/2 = 1            |  sky130_fd_pr__pfet_01v8/(1|3) = 1        
                                           |  sky130_fd_pr__pfet_01v8/2 = 1            
                                           |                                           
Net: a_14492_3416#                         |Net: interleaved_adc:adc/iadc_cdac:u0_cdac 
  sky130_fd_pr__nfet_01v8/2 = 1            |  sky130_fd_pr__nfet_01v8/(1|3) = 1        
  sky130_fd_pr__pfet_01v8/2 = 1            |  sky130_fd_pr__pfet_01v8/(1|3) = 1        
                                           |  sky130_fd_pr__pfet_01v8/2 = 1            
                                           |                                           
Net: a_31161_3416#                         |Net: interleaved_adc:adc/iadc_cdac:u0_cdac 
  sky130_fd_pr__nfet_01v8/2 = 1            |  sky130_fd_pr__nfet_01v8/(1|3) = 1        
  sky130_fd_pr__pfet_01v8/2 = 1            |  sky130_fd_pr__pfet_01v8/(1|3) = 1        
                                           |  sky130_fd_pr__pfet_01v8/2 = 1            
                                           |                                           
Net: a_34358_3416#                         |Net: interleaved_adc:adc/iadc_cdac:u0_cdac 
  sky130_fd_pr__nfet_01v8/2 = 1            |  sky130_fd_pr__nfet_01v8/(1|3) = 1        
  sky130_fd_pr__pfet_01v8/2 = 1            |  sky130_fd_pr__pfet_01v8/(1|3) = 1        
                                           |  sky130_fd_pr__pfet_01v8/2 = 1            
                                           |                                           
Net: a_10592_3416#                         |Net: interleaved_adc:adc/iadc_cdac:u1_cdac 
  sky130_fd_pr__nfet_01v8/2 = 1            |  sky130_fd_pr__nfet_01v8/(1|3) = 1        
  sky130_fd_pr__pfet_01v8/2 = 1            |  sky130_fd_pr__pfet_01v8/(1|3) = 1        
                                           |  sky130_fd_pr__pfet_01v8/2 = 1            
                                           |                                           
Net: a_6095_3416#                          |Net: interleaved_adc:adc/iadc_cdac:u1_cdac 
  sky130_fd_pr__nfet_01v8/2 = 1            |  sky130_fd_pr__nfet_01v8/(1|3) = 1        
  sky130_fd_pr__pfet_01v8/2 = 1            |  sky130_fd_pr__pfet_01v8/(1|3) = 1        
                                           |  sky130_fd_pr__pfet_01v8/2 = 1            
                                           |                                           
Net: a_35008_3416#                         |Net: interleaved_adc:adc/iadc_cdac:u1_cdac 
  sky130_fd_pr__nfet_01v8/2 = 1            |  sky130_fd_pr__nfet_01v8/(1|3) = 1        
  sky130_fd_pr__pfet_01v8/2 = 1            |  sky130_fd_pr__pfet_01v8/(1|3) = 1        
                                           |  sky130_fd_pr__pfet_01v8/2 = 1            
                                           |                                           
Net: a_32461_3416#                         |Net: interleaved_adc:adc/iadc_cdac:u1_cdac 
  sky130_fd_pr__nfet_01v8/2 = 1            |  sky130_fd_pr__nfet_01v8/(1|3) = 1        
  sky130_fd_pr__pfet_01v8/2 = 1            |  sky130_fd_pr__pfet_01v8/(1|3) = 1        
                                           |  sky130_fd_pr__pfet_01v8/2 = 1            
                                           |                                           
Net: a_35658_3416#                         |Net: interleaved_adc:adc/u0_tail           
  sky130_fd_pr__nfet_01v8/2 = 1            |  sky130_fd_pr__nfet_01v8/(1|3) = 3        
  sky130_fd_pr__pfet_01v8/2 = 1            |                                           
                                           |                                           
Net: a_11892_3416#                         |Net: interleaved_adc:adc/u1_tail           
  sky130_fd_pr__nfet_01v8/2 = 1            |  sky130_fd_pr__nfet_01v8/(1|3) = 3        
  sky130_fd_pr__pfet_01v8/2 = 1            |                                           
                                           |                                           
Net: a_7395_3416#                          |Net: interleaved_adc:adc/u1_mux_out        
  sky130_fd_pr__nfet_01v8/2 = 1            |  sky130_fd_pr__nfet_01v8/(1|3) = 1        
  sky130_fd_pr__pfet_01v8/2 = 1            |  sky130_fd_pr__pfet_01v8/(1|3) = 1        
                                           |  sky130_fd_pr__nfet_01v8/2 = 1            
                                           |                                           
Net: a_30359_3268#                         |Net: xbar_rst                              
  sky130_fd_pr__pfet_01v8/2 = 1            |  sky130_fd_pr__nfet_01v8/2 = 4            
  sky130_fd_pr__pfet_01v8/(1|3) = 1        |  sky130_fd_pr__pfet_01v8/2 = 1            
  sky130_fd_pr__nfet_01v8/(1|3) = 1        |  sky130_fd_pr__nfet_01v8/(1|3) = 1        
  sky130_fd_pr__nfet_01v8/2 = 1            |  sky130_fd_pr__pfet_01v8/(1|3) = 1        
                                           |                                           
Net: a_7893_3268#                          |Net: sh_ctrl_b                             
  sky130_fd_pr__nfet_01v8/(1|3) = 1        |  sky130_fd_pr__nfet_01v8/(1|3) = 1        
  sky130_fd_pr__nfet_01v8/2 = 1            |  sky130_fd_pr__pfet_01v8/(1|3) = 1        
  sky130_fd_pr__pfet_01v8/2 = 1            |  sky130_fd_pr__pfet_01v8/2 = 3            
  sky130_fd_pr__pfet_01v8/(1|3) = 1        |                                           
                                           |                                           
Net: a_5493_2798#                          |Net: imc_crossbar:xbar/rst_b               
  sky130_fd_pr__nfet_01v8/(1|3) = 2        |  sky130_fd_pr__nfet_01v8/(1|3) = 1        
  sky130_fd_pr__pfet_01v8/(1|3) = 2        |  sky130_fd_pr__pfet_01v8/(1|3) = 1        
                                           |  sky130_fd_pr__pfet_01v8/2 = 3            
                                           |                                           
Net: a_27959_2798#                         |Net: sh_ctrl                               
  sky130_fd_pr__nfet_01v8/(1|3) = 2        |  sky130_fd_pr__nfet_01v8/2 = 4            
  sky130_fd_pr__pfet_01v8/(1|3) = 2        |  sky130_fd_pr__pfet_01v8/2 = 1            
                                           |                                           
Net: a_5445_2946#                          |Net: interleaved_adc:adc/u0_mux_out        
  sky130_fd_pr__nfet_01v8/2 = 2            |  sky130_fd_pr__nfet_01v8/(1|3) = 2        
  sky130_fd_pr__pfet_01v8/2 = 2            |  sky130_fd_pr__pfet_01v8/(1|3) = 2        
                                           |  sky130_fd_pr__nfet_01v8/2 = 1            
                                           |                                           
Net: a_27911_2946#                         |Net: interleaved_adc:adc/u0_outp           
  sky130_fd_pr__nfet_01v8/2 = 2            |  sky130_fd_pr__nfet_01v8/(1|3) = 1        
  sky130_fd_pr__pfet_01v8/2 = 2            |  sky130_fd_pr__nfet_01v8/2 = 1            
                                           |  sky130_fd_pr__pfet_01v8/(1|3) = 2        
                                           |  sky130_fd_pr__pfet_01v8/2 = 1            
                                           |                                           
Net: a_54550_14471#                        |Net: interleaved_adc:adc/u0_outn           
  sky130_fd_pr__pfet_01v8/(1|3) = 2        |  sky130_fd_pr__nfet_01v8/2 = 1            
  sky130_fd_pr__pfet_01v8/2 = 1            |  sky130_fd_pr__nfet_01v8/(1|3) = 1        
                                           |  sky130_fd_pr__pfet_01v8/2 = 1            
                                           |  sky130_fd_pr__pfet_01v8/(1|3) = 2        
                                           |                                           
Net: a_40150_14471#                        |Net: interleaved_adc:adc/u1_outp           
  sky130_fd_pr__pfet_01v8/(1|3) = 2        |  sky130_fd_pr__nfet_01v8/(1|3) = 1        
  sky130_fd_pr__pfet_01v8/2 = 1            |  sky130_fd_pr__nfet_01v8/2 = 1            
                                           |  sky130_fd_pr__pfet_01v8/(1|3) = 2        
                                           |  sky130_fd_pr__pfet_01v8/2 = 1            
                                           |                                           
Net: a_43750_14471#                        |Net: interleaved_adc:adc/u1_outn           
  sky130_fd_pr__pfet_01v8/(1|3) = 2        |  sky130_fd_pr__nfet_01v8/2 = 1            
  sky130_fd_pr__pfet_01v8/2 = 1            |  sky130_fd_pr__nfet_01v8/(1|3) = 1        
                                           |  sky130_fd_pr__pfet_01v8/2 = 1            
                                           |  sky130_fd_pr__pfet_01v8/(1|3) = 2        
                                           |                                           
Net: a_30605_13419#                        |Net: async_ctrl:async/rst_nand             
  sky130_fd_pr__pfet_01v8/(1|3) = 4        |  sky130_fd_pr__pfet_01v8/(1|3) = 2        
  sky130_fd_pr__pfet_01v8/2 = 2            |  sky130_fd_pr__nfet_01v8/(1|3) = 1        
  sky130_fd_pr__nfet_01v8/(1|3) = 2        |  sky130_fd_pr__nfet_01v8/2 = 1            
  sky130_fd_pr__nfet_01v8/2 = 1            |  sky130_fd_pr__pfet_01v8/2 = 1            
                                           |                                           
Net: a_8139_13419#                         |Net: vref                                  
  sky130_fd_pr__nfet_01v8/(1|3) = 2        |  sky130_fd_pr__nfet_01v8/(1|3) = 20       
  sky130_fd_pr__nfet_01v8/2 = 1            |  sky130_fd_pr__pfet_01v8/(1|3) = 20       
  sky130_fd_pr__pfet_01v8/(1|3) = 4        |                                           
  sky130_fd_pr__pfet_01v8/2 = 2            |                                           
                                           |                                           
Net: a_29091_3268#                         |Net: vdd                                   
  sky130_fd_pr__nfet_01v8/(1|3) = 3        |  sky130_fd_pr__pfet_01v8/(1|3) = 143      
  sky130_fd_pr__nfet_01v8/2 = 2            |  sky130_fd_pr__pfet_01v8/4 = 220          
  sky130_fd_pr__pfet_01v8/(1|3) = 1        |                                           
  sky130_fd_pr__pfet_01v8/2 = 1            |                                           
                                           |                                           
Net: a_6625_3268#                          |Net: vss                                   
  sky130_fd_pr__nfet_01v8/(1|3) = 3        |  sky130_fd_pr__nfet_01v8/(1|3) = 151      
  sky130_fd_pr__nfet_01v8/2 = 2            |  sky130_fd_pr__nfet_01v8/4 = 222          
  sky130_fd_pr__pfet_01v8/2 = 1            |  sky130_fd_pr__pfet_01v8/(1|3) = 15       
  sky130_fd_pr__pfet_01v8/(1|3) = 1        |                                           
                                           |                                           
Net: a_9249_2946#                          |Net: xbar_in0                              
  sky130_fd_pr__nfet_01v8/(1|3) = 2        |  sky130_fd_pr__nfet_01v8/(1|3) = 13       
  sky130_fd_pr__nfet_01v8/2 = 2            |  sky130_fd_pr__pfet_01v8/(1|3) = 13       
  sky130_fd_pr__pfet_01v8/(1|3) = 1        |                                           
  sky130_fd_pr__pfet_01v8/2 = 2            |                                           
                                           |                                           
Net: a_31715_2946#                         |Net: xbar_in1                              
  sky130_fd_pr__nfet_01v8/2 = 2            |  sky130_fd_pr__nfet_01v8/(1|3) = 13       
  sky130_fd_pr__nfet_01v8/(1|3) = 2        |  sky130_fd_pr__pfet_01v8/(1|3) = 13       
  sky130_fd_pr__pfet_01v8/2 = 2            |                                           
  sky130_fd_pr__pfet_01v8/(1|3) = 1        |                                           
                                           |                                           
Net: a_7679_11370#                         |Net: xbar_in2                              
  sky130_fd_pr__nfet_01v8/(1|3) = 4        |  sky130_fd_pr__nfet_01v8/(1|3) = 13       
  sky130_fd_pr__nfet_01v8/2 = 1            |  sky130_fd_pr__pfet_01v8/(1|3) = 13       
                                           |                                           
Net: a_30145_11370#                        |Net: adc_go                                
  sky130_fd_pr__nfet_01v8/(1|3) = 4        |  sky130_fd_pr__nfet_01v8/2 = 2            
  sky130_fd_pr__nfet_01v8/2 = 1            |  sky130_fd_pr__pfet_01v8/2 = 4            
                                           |  sky130_fd_pr__nfet_01v8/(1|3) = 1        
                                           |  sky130_fd_pr__pfet_01v8/(1|3) = 1        
---------------------------------------------------------------------------------------

---------------------------------------------------------------------------------------
Net: a_30495_2798#                         |Net: async_ctrl:async/rst_dly_b            
  sky130_fd_pr__nfet_01v8/(1|3) = 2        |  sky130_fd_pr__nfet_01v8/(1|3) = 1        
  sky130_fd_pr__nfet_01v8/2 = 1            |  sky130_fd_pr__pfet_01v8/(1|3) = 1        
  sky130_fd_pr__pfet_01v8/(1|3) = 1        |  sky130_fd_pr__nfet_01v8/2 = 2            
  sky130_fd_pr__pfet_01v8/2 = 2            |  sky130_fd_pr__pfet_01v8/2 = 2            
                                           |                                           
Net: a_8029_2798#                          |Net: async_ctrl:async/go_buf               
  sky130_fd_pr__nfet_01v8/(1|3) = 2        |  sky130_fd_pr__nfet_01v8/(1|3) = 1        
  sky130_fd_pr__nfet_01v8/2 = 1            |  sky130_fd_pr__pfet_01v8/(1|3) = 1        
  sky130_fd_pr__pfet_01v8/2 = 2            |  sky130_fd_pr__nfet_01v8/2 = 2            
  sky130_fd_pr__pfet_01v8/(1|3) = 1        |  sky130_fd_pr__pfet_01v8/2 = 2            
---------------------------------------------------------------------------------------
DEVICE mismatches: Class fragments follow (with node fanout counts):
Circuit 1: gemm_tapeout_flat               |Circuit 2: gemm_tapeout                    

---------------------------------------------------------------------------------------
Instance: sky130_fd_pr__pfet_01v8:0        |Instance: charge_dac:dac0/sky130_fd_pr__pf 
  (1,3) = (1,1)                            |  (1,3) = (363,4)                          
  2 = 1                                    |  2 = 4                                    
  4 = 1                                    |  4 = 363                                  
                                           |                                           
Instance: sky130_fd_pr__pfet_01v8:3        |Instance: charge_dac:dac0/charge_dac_sw:sw 
  (1,3) = (1,1)                            |  (1,3) = (40,4)                           
  2 = 17                                   |  2 = 4                                    
  4 = 1                                    |  4 = 363                                  
                                           |                                           
Instance: sky130_fd_pr__pfet_01v8:5        |Instance: charge_dac:dac0/charge_dac_sw:sw 
  (1,3) = (92,92)                          |  (1,3) = (388,4)                          
  2 = 1                                    |  2 = 4                                    
  4 = 1                                    |  4 = 363                                  
                                           |                                           
Instance: sky130_fd_pr__pfet_01v8:6        |Instance: charge_dac:dac0/sky130_fd_pr__pf 
  (1,3) = (56,56)                          |  (1,3) = (363,4)                          
  2 = 56                                   |  2 = 4                                    
  4 = 1                                    |  4 = 363                                  
                                           |                                           
Instance: sky130_fd_pr__pfet_01v8:7        |Instance: charge_dac:dac0/charge_dac_sw:sw 
  (1,3) = (4,2)                            |  (1,3) = (40,4)                           
  2 = 4                                    |  2 = 4                                    
  4 = 2                                    |  4 = 363                                  
                                           |                                           
Instance: sky130_fd_pr__pfet_01v8:8        |Instance: charge_dac:dac0/charge_dac_sw:sw 
  (1,3) = (3,3)                            |  (1,3) = (388,4)                          
  2 = 3                                    |  2 = 4                                    
  4 = 1                                    |  4 = 363                                  
                                           |                                           
Instance: sky130_fd_pr__pfet_01v8:13       |Instance: charge_dac:dac0/sky130_fd_pr__pf 
  (1,3) = (56,56)                          |  (1,3) = (363,4)                          
  2 = 56                                   |  2 = 4                                    
  4 = 1                                    |  4 = 363                                  
                                           |                                           
Instance: sky130_fd_pr__pfet_01v8:15       |Instance: charge_dac:dac0/charge_dac_sw:sw 
  (1,3) = (2,1)                            |  (1,3) = (40,4)                           
  2 = 2                                    |  2 = 4                                    
  4 = 1                                    |  4 = 363                                  
                                           |                                           
Instance: sky130_fd_pr__pfet_01v8:24       |Instance: charge_dac:dac0/charge_dac_sw:sw 
  (1,3) = (92,92)                          |  (1,3) = (388,4)                          
  2 = 92                                   |  2 = 4                                    
  4 = 1                                    |  4 = 363                                  
                                           |                                           
Instance: sky130_fd_pr__pfet_01v8:26       |Instance: charge_dac:dac0/sky130_fd_pr__pf 
  (1,3) = (56,56)                          |  (1,3) = (363,4)                          
  2 = 56                                   |  2 = 4                                    
  4 = 1                                    |  4 = 363                                  
                                           |                                           
Instance: sky130_fd_pr__pfet_01v8:30       |Instance: charge_dac:dac0/charge_dac_sw:sw 
  (1,3) = (56,56)                          |  (1,3) = (40,4)                           
  2 = 56                                   |  2 = 4                                    
  4 = 1                                    |  4 = 363                                  
                                           |                                           
Instance: sky130_fd_pr__pfet_01v8:31       |Instance: charge_dac:dac0/charge_dac_sw:sw 
  (1,3) = (9,9)                            |  (1,3) = (388,4)                          
  2 = 9                                    |  2 = 4                                    
  4 = 1                                    |  4 = 363                                  
                                           |                                           
Instance: sky130_fd_pr__pfet_01v8:32       |Instance: charge_dac:dac1/sky130_fd_pr__pf 
  (1,3) = (92,92)                          |  (1,3) = (363,4)                          
  2 = 92                                   |  2 = 4                                    
  4 = 1                                    |  4 = 363                                  
                                           |                                           
Instance: sky130_fd_pr__pfet_01v8:42       |Instance: charge_dac:dac1/charge_dac_sw:sw 
  (1,3) = (2,1)                            |  (1,3) = (40,4)                           
  2 = 2                                    |  2 = 4                                    
  4 = 1                                    |  4 = 363                                  
                                           |                                           
Instance: sky130_fd_pr__pfet_01v8:43       |Instance: charge_dac:dac1/charge_dac_sw:sw 
  (1,3) = (56,56)                          |  (1,3) = (388,4)                          
  2 = 56                                   |  2 = 4                                    
  4 = 1                                    |  4 = 363                                  
                                           |                                           
Instance: sky130_fd_pr__pfet_01v8:52       |Instance: charge_dac:dac1/sky130_fd_pr__pf 
  (1,3) = (56,56)                          |  (1,3) = (363,4)                          
  2 = 56                                   |  2 = 4                                    
  4 = 1                                    |  4 = 363                                  
                                           |                                           
Instance: sky130_fd_pr__pfet_01v8:54       |Instance: charge_dac:dac1/charge_dac_sw:sw 
  (1,3) = (2,2)                            |  (1,3) = (40,4)                           
  2 = 1                                    |  2 = 4                                    
  4 = 1                                    |  4 = 363                                  
                                           |                                           
Instance: sky130_fd_pr__pfet_01v8:65       |Instance: charge_dac:dac1/charge_dac_sw:sw 
  (1,3) = (2,1)                            |  (1,3) = (388,4)                          
  2 = 2                                    |  2 = 4                                    
  4 = 1                                    |  4 = 363                                  
                                           |                                           
Instance: sky130_fd_pr__pfet_01v8:70       |Instance: charge_dac:dac1/sky130_fd_pr__pf 
  (1,3) = (9,9)                            |  (1,3) = (363,4)                          
  2 = 9                                    |  2 = 4                                    
  4 = 1                                    |  4 = 363                                  
                                           |                                           
Instance: sky130_fd_pr__pfet_01v8:72       |Instance: charge_dac:dac1/charge_dac_sw:sw 
  (1,3) = (2,1)                            |  (1,3) = (40,4)                           
  2 = 2                                    |  2 = 4                                    
  4 = 1                                    |  4 = 363                                  
                                           |                                           
Instance: sky130_fd_pr__pfet_01v8:77       |Instance: charge_dac:dac1/charge_dac_sw:sw 
  (1,3) = (3,3)                            |  (1,3) = (388,4)                          
  2 = 3                                    |  2 = 4                                    
  4 = 1                                    |  4 = 363                                  
                                           |                                           
Instance: sky130_fd_pr__pfet_01v8:87       |Instance: charge_dac:dac1/sky130_fd_pr__pf 
  (1,3) = (92,2)                           |  (1,3) = (363,4)                          
  2 = 2                                    |  2 = 4                                    
  4 = 1                                    |  4 = 363                                  
                                           |                                           
Instance: sky130_fd_pr__pfet_01v8:95       |Instance: charge_dac:dac1/charge_dac_sw:sw 
  (1,3) = (2,1)                            |  (1,3) = (40,4)                           
  2 = 2                                    |  2 = 4                                    
  4 = 1                                    |  4 = 363                                  
                                           |                                           
Instance: sky130_fd_pr__pfet_01v8:111      |Instance: charge_dac:dac1/charge_dac_sw:sw 
  (1,3) = (56,56)                          |  (1,3) = (388,4)                          
  2 = 56                                   |  2 = 4                                    
  4 = 1                                    |  4 = 363                                  
                                           |                                           
Instance: sky130_fd_pr__pfet_01v8:119      |Instance: charge_dac:dac2/sky130_fd_pr__pf 
  (1,3) = (56,56)                          |  (1,3) = (363,4)                          
  2 = 56                                   |  2 = 4                                    
  4 = 1                                    |  4 = 363                                  
                                           |                                           
Instance: sky130_fd_pr__pfet_01v8:123      |Instance: charge_dac:dac2/charge_dac_sw:sw 
  (1,3) = (56,56)                          |  (1,3) = (40,4)                           
  2 = 56                                   |  2 = 4                                    
  4 = 1                                    |  4 = 363                                  
                                           |                                           
Instance: sky130_fd_pr__pfet_01v8:125      |Instance: charge_dac:dac2/charge_dac_sw:sw 
  (1,3) = (56,56)                          |  (1,3) = (388,4)                          
  2 = 56                                   |  2 = 4                                    
  4 = 1                                    |  4 = 363                                  
                                           |                                           
Instance: sky130_fd_pr__pfet_01v8:137      |Instance: charge_dac:dac2/sky130_fd_pr__pf 
  (1,3) = (56,56)                          |  (1,3) = (363,4)                          
  2 = 56                                   |  2 = 4                                    
  4 = 1                                    |  4 = 363                                  
                                           |                                           
Instance: sky130_fd_pr__pfet_01v8:138      |Instance: charge_dac:dac2/charge_dac_sw:sw 
  (1,3) = (2,1)                            |  (1,3) = (40,4)                           
  2 = 2                                    |  2 = 4                                    
  4 = 1                                    |  4 = 363                                  
                                           |                                           
Instance: sky130_fd_pr__pfet_01v8:156      |Instance: charge_dac:dac2/charge_dac_sw:sw 
  (1,3) = (9,9)                            |  (1,3) = (388,4)                          
  2 = 9                                    |  2 = 4                                    
  4 = 1                                    |  4 = 363                                  
                                           |                                           
Instance: sky130_fd_pr__pfet_01v8:157      |Instance: charge_dac:dac2/sky130_fd_pr__pf 
  (1,3) = (2,2)                            |  (1,3) = (363,4)                          
  2 = 1                                    |  2 = 4                                    
  4 = 1                                    |  4 = 363                                  
                                           |                                           
Instance: sky130_fd_pr__pfet_01v8:158      |Instance: charge_dac:dac2/charge_dac_sw:sw 
  (1,3) = (7,1)                            |  (1,3) = (40,4)                           
  2 = 7                                    |  2 = 4                                    
  4 = 1                                    |  4 = 363                                  
                                           |                                           
Instance: sky130_fd_pr__pfet_01v8:169      |Instance: charge_dac:dac2/charge_dac_sw:sw 
  (1,3) = (7,1)                            |  (1,3) = (388,4)                          
  2 = 7                                    |  2 = 4                                    
  4 = 1                                    |  4 = 363                                  
                                           |                                           
Instance: sky130_fd_pr__pfet_01v8:175      |Instance: charge_dac:dac2/sky130_fd_pr__pf 
  (1,3) = (56,56)                          |  (1,3) = (363,4)                          
  2 = 56                                   |  2 = 4                                    
  4 = 1                                    |  4 = 363                                  
                                           |                                           
Instance: sky130_fd_pr__pfet_01v8:180      |Instance: charge_dac:dac2/charge_dac_sw:sw 
  (1,3) = (2,1)                            |  (1,3) = (40,4)                           
  2 = 2                                    |  2 = 4                                    
  4 = 1                                    |  4 = 363                                  
                                           |                                           
Instance: sky130_fd_pr__pfet_01v8:184      |Instance: charge_dac:dac2/charge_dac_sw:sw 
  (1,3) = (2,1)                            |  (1,3) = (388,4)                          
  2 = 2                                    |  2 = 4                                    
  4 = 1                                    |  4 = 363                                  
                                           |                                           
Instance: sky130_fd_pr__pfet_01v8:190      |Instance: sky130_fd_pr__pfet_01v8:sh_inv_p 
  (1,3) = (9,9)                            |  (1,3) = (363,5)                          
  2 = 9                                    |  2 = 5                                    
  4 = 1                                    |  4 = 363                                  
                                           |                                           
Instance: sky130_fd_pr__pfet_01v8:199      |Instance: gemm_sh_sw:sh0/sky130_fd_pr__pfe 
  (1,3) = (92,2)                           |  (1,3) = (26,2)                           
  2 = 2                                    |  2 = 5                                    
  4 = 1                                    |  4 = 363                                  
                                           |                                           
Instance: sky130_fd_pr__pfet_01v8:204      |Instance: gemm_sh_sw:sh1/sky130_fd_pr__pfe 
  (1,3) = (56,56)                          |  (1,3) = (26,2)                           
  2 = 1                                    |  2 = 5                                    
  4 = 1                                    |  4 = 363                                  
                                           |                                           
Instance: sky130_fd_pr__pfet_01v8:209      |Instance: gemm_sh_sw:sh2/sky130_fd_pr__pfe 
  (1,3) = (56,56)                          |  (1,3) = (26,2)                           
  2 = 56                                   |  2 = 5                                    
  4 = 1                                    |  4 = 363                                  
                                           |                                           
Instance: sky130_fd_pr__pfet_01v8:210      |Instance: imc_crossbar:xbar/sky130_fd_pr__ 
  (1,3) = (4,2)                            |  (1,3) = (363,5)                          
  2 = 4                                    |  2 = 7                                    
  4 = 2                                    |  4 = 363                                  
                                           |                                           
Instance: sky130_fd_pr__pfet_01v8:214      |Instance: imc_crossbar:xbar/imc_crossbar_r 
  (1,3) = (2,2)                            |  (1,3) = (388,4)                          
  2 = 1                                    |  2 = 5                                    
  4 = 1                                    |  4 = 363                                  
                                           |                                           
Instance: sky130_fd_pr__pfet_01v8:241      |Instance: imc_crossbar:xbar/imc_crossbar_x 
  (1,3) = (2,2)                            |  (1,3) = (363,3)                          
  2 = 1                                    |  2 = 3                                    
  4 = 1                                    |  4 = 363                                  
                                           |                                           
Instance: sky130_fd_pr__pfet_01v8:251      |Instance: imc_crossbar:xbar/imc_crossbar_x 
  (1,3) = (2,1)                            |  (1,3) = (26,2)                           
  2 = 2                                    |  2 = 3                                    
  4 = 1                                    |  4 = 363                                  
                                           |                                           
Instance: sky130_fd_pr__pfet_01v8:254      |Instance: imc_crossbar:xbar/imc_crossbar_x 
  (1,3) = (2,2)                            |  (1,3) = (363,3)                          
  2 = 1                                    |  2 = 3                                    
  4 = 1                                    |  4 = 363                                  
                                           |                                           
Instance: sky130_fd_pr__pfet_01v8:258      |Instance: imc_crossbar:xbar/imc_crossbar_x 
  (1,3) = (2,1)                            |  (1,3) = (26,2)                           
  2 = 2                                    |  2 = 3                                    
  4 = 1                                    |  4 = 363                                  
                                           |                                           
Instance: sky130_fd_pr__pfet_01v8:261      |Instance: imc_crossbar:xbar/imc_crossbar_x 
  (1,3) = (56,56)                          |  (1,3) = (363,3)                          
  2 = 56                                   |  2 = 3                                    
  4 = 1                                    |  4 = 363                                  
                                           |                                           
Instance: sky130_fd_pr__pfet_01v8:277      |Instance: imc_crossbar:xbar/imc_crossbar_x 
  (1,3) = (17,17)                          |  (1,3) = (26,2)                           
  2 = 17                                   |  2 = 3                                    
  4 = 1                                    |  4 = 363                                  
                                           |                                           
Instance: sky130_fd_pr__pfet_01v8:283      |Instance: imc_crossbar:xbar/imc_crossbar_x 
  (1,3) = (2,1)                            |  (1,3) = (363,3)                          
  2 = 2                                    |  2 = 3                                    
  4 = 1                                    |  4 = 363                                  
                                           |                                           
Instance: sky130_fd_pr__pfet_01v8:284      |Instance: imc_crossbar:xbar/imc_crossbar_x 
  (1,3) = (2,1)                            |  (1,3) = (26,2)                           
  2 = 7                                    |  2 = 3                                    
  4 = 1                                    |  4 = 363                                  
                                           |                                           
Instance: sky130_fd_pr__pfet_01v8:294      |Instance: imc_crossbar:xbar/imc_crossbar_x 
  (1,3) = (3,3)                            |  (1,3) = (363,3)                          
  2 = 3                                    |  2 = 3                                    
  4 = 1                                    |  4 = 363                                  
                                           |                                           
Instance: sky130_fd_pr__pfet_01v8:299      |Instance: imc_crossbar:xbar/imc_crossbar_x 
  (1,3) = (56,56)                          |  (1,3) = (26,2)                           
  2 = 56                                   |  2 = 3                                    
  4 = 1                                    |  4 = 363                                  
                                           |                                           
Instance: sky130_fd_pr__pfet_01v8:307      |Instance: imc_crossbar:xbar/imc_crossbar_x 
  (1,3) = (2,1)                            |  (1,3) = (363,3)                          
  2 = 7                                    |  2 = 3                                    
  4 = 1                                    |  4 = 363                                  
                                           |                                           
Instance: sky130_fd_pr__pfet_01v8:309      |Instance: imc_crossbar:xbar/imc_crossbar_x 
  (1,3) = (92,92)                          |  (1,3) = (26,2)                           
  2 = 92                                   |  2 = 3                                    
  4 = 1                                    |  4 = 363                                  
                                           |                                           
Instance: sky130_fd_pr__pfet_01v8:322      |Instance: imc_crossbar:xbar/imc_crossbar_x 
  (1,3) = (1,1)                            |  (1,3) = (363,3)                          
  2 = 2                                    |  2 = 3                                    
  4 = 1                                    |  4 = 363                                  
                                           |                                           
Instance: sky130_fd_pr__pfet_01v8:324      |Instance: imc_crossbar:xbar/imc_crossbar_x 
  (1,3) = (2,1)                            |  (1,3) = (26,2)                           
  2 = 2                                    |  2 = 3                                    
  4 = 1                                    |  4 = 363                                  
                                           |                                           
Instance: sky130_fd_pr__pfet_01v8:327      |Instance: imc_crossbar:xbar/imc_crossbar_x 
  (1,3) = (4,2)                            |  (1,3) = (363,3)                          
  2 = 4                                    |  2 = 3                                    
  4 = 1                                    |  4 = 363                                  
                                           |                                           
Instance: sky130_fd_pr__pfet_01v8:345      |Instance: imc_crossbar:xbar/imc_crossbar_x 
  (1,3) = (7,1)                            |  (1,3) = (26,2)                           
  2 = 7                                    |  2 = 3                                    
  4 = 1                                    |  4 = 363                                  
                                           |                                           
Instance: sky130_fd_pr__pfet_01v8:347      |Instance: imc_crossbar:xbar/imc_crossbar_x 
  (1,3) = (2,2)                            |  (1,3) = (363,3)                          
  2 = 1                                    |  2 = 3                                    
  4 = 1                                    |  4 = 363                                  
                                           |                                           
Instance: sky130_fd_pr__pfet_01v8:358      |Instance: imc_crossbar:xbar/imc_crossbar_x 
  (1,3) = (4,1)                            |  (1,3) = (26,2)                           
  2 = 4                                    |  2 = 3                                    
  4 = 1                                    |  4 = 363                                  
                                           |                                           
Instance: sky130_fd_pr__pfet_01v8:364      |Instance: imc_crossbar:xbar/imc_crossbar_x 
  (1,3) = (17,1)                           |  (1,3) = (363,3)                          
  2 = 17                                   |  2 = 3                                    
  4 = 1                                    |  4 = 363                                  
                                           |                                           
Instance: sky130_fd_pr__pfet_01v8:370      |Instance: imc_crossbar:xbar/imc_crossbar_x 
  (1,3) = (2,1)                            |  (1,3) = (26,2)                           
  2 = 2                                    |  2 = 3                                    
  4 = 1                                    |  4 = 363                                  
                                           |                                           
Instance: sky130_fd_pr__pfet_01v8:381      |Instance: imc_crossbar:xbar/imc_crossbar_x 
  (1,3) = (92,92)                          |  (1,3) = (363,3)                          
  2 = 92                                   |  2 = 3                                    
  4 = 1                                    |  4 = 363                                  
                                           |                                           
Instance: sky130_fd_pr__pfet_01v8:386      |Instance: imc_crossbar:xbar/imc_crossbar_x 
  (1,3) = (2,2)                            |  (1,3) = (26,2)                           
  2 = 1                                    |  2 = 3                                    
  4 = 1                                    |  4 = 363                                  
                                           |                                           
Instance: sky130_fd_pr__pfet_01v8:409      |Instance: imc_crossbar:xbar/imc_crossbar_x 
  (1,3) = (56,56)                          |  (1,3) = (363,3)                          
  2 = 56                                   |  2 = 3                                    
  4 = 1                                    |  4 = 363                                  
                                           |                                           
Instance: sky130_fd_pr__pfet_01v8:418      |Instance: imc_crossbar:xbar/imc_crossbar_x 
  (1,3) = (2,1)                            |  (1,3) = (26,2)                           
  2 = 2                                    |  2 = 3                                    
  4 = 1                                    |  4 = 363                                  
                                           |                                           
Instance: sky130_fd_pr__pfet_01v8:422      |Instance: imc_crossbar:xbar/imc_crossbar_r 
  (1,3) = (2,1)                            |  (1,3) = (388,4)                          
  2 = 2                                    |  2 = 5                                    
  4 = 1                                    |  4 = 363                                  
                                           |                                           
Instance: sky130_fd_pr__pfet_01v8:429      |Instance: imc_crossbar:xbar/imc_crossbar_x 
  (1,3) = (2,1)                            |  (1,3) = (363,3)                          
  2 = 2                                    |  2 = 3                                    
  4 = 1                                    |  4 = 363                                  
                                           |                                           
Instance: sky130_fd_pr__pfet_01v8:430      |Instance: imc_crossbar:xbar/imc_crossbar_x 
  (1,3) = (2,1)                            |  (1,3) = (26,2)                           
  2 = 2                                    |  2 = 3                                    
  4 = 1                                    |  4 = 363                                  
                                           |                                           
Instance: sky130_fd_pr__pfet_01v8:433      |Instance: imc_crossbar:xbar/imc_crossbar_x 
  (1,3) = (4,1)                            |  (1,3) = (363,3)                          
  2 = 4                                    |  2 = 3                                    
  4 = 1                                    |  4 = 363                                  
                                           |                                           
Instance: sky130_fd_pr__pfet_01v8:438      |Instance: imc_crossbar:xbar/imc_crossbar_x 
  (1,3) = (17,17)                          |  (1,3) = (26,2)                           
  2 = 17                                   |  2 = 3                                    
  4 = 1                                    |  4 = 363                                  
                                           |                                           
Instance: sky130_fd_pr__pfet_01v8:443      |Instance: imc_crossbar:xbar/imc_crossbar_x 
  (1,3) = (7,1)                            |  (1,3) = (363,3)                          
  2 = 7                                    |  2 = 3                                    
  4 = 1                                    |  4 = 363                                  
                                           |                                           
Instance: sky130_fd_pr__pfet_01v8:482      |Instance: imc_crossbar:xbar/imc_crossbar_x 
  (1,3) = (2,2)                            |  (1,3) = (26,2)                           
  2 = 1                                    |  2 = 3                                    
  4 = 1                                    |  4 = 363                                  
                                           |                                           
Instance: sky130_fd_pr__pfet_01v8:488      |Instance: imc_crossbar:xbar/imc_crossbar_x 
  (1,3) = (2,1)                            |  (1,3) = (363,3)                          
  2 = 2                                    |  2 = 3                                    
  4 = 1                                    |  4 = 363                                  
                                           |                                           
Instance: sky130_fd_pr__pfet_01v8:509      |Instance: imc_crossbar:xbar/imc_crossbar_x 
  (1,3) = (2,1)                            |  (1,3) = (26,2)                           
  2 = 2                                    |  2 = 3                                    
  4 = 1                                    |  4 = 363                                  
                                           |                                           
Instance: sky130_fd_pr__pfet_01v8:518      |Instance: imc_crossbar:xbar/imc_crossbar_x 
  (1,3) = (2,1)                            |  (1,3) = (363,3)                          
  2 = 2                                    |  2 = 3                                    
  4 = 1                                    |  4 = 363                                  
                                           |                                           
Instance: sky130_fd_pr__pfet_01v8:522      |Instance: imc_crossbar:xbar/imc_crossbar_x 
  (1,3) = (2,1)                            |  (1,3) = (26,2)                           
  2 = 2                                    |  2 = 3                                    
  4 = 1                                    |  4 = 363                                  
                                           |                                           
Instance: sky130_fd_pr__pfet_01v8:523      |Instance: imc_crossbar:xbar/imc_crossbar_x 
  (1,3) = (2,1)                            |  (1,3) = (363,3)                          
  2 = 2                                    |  2 = 3                                    
  4 = 1                                    |  4 = 363                                  
                                           |                                           
Instance: sky130_fd_pr__pfet_01v8:543      |Instance: imc_crossbar:xbar/imc_crossbar_x 
  (1,3) = (4,2)                            |  (1,3) = (26,2)                           
  2 = 4                                    |  2 = 3                                    
  4 = 1                                    |  4 = 363                                  
                                           |                                           
Instance: sky130_fd_pr__pfet_01v8:149      |Instance: imc_crossbar:xbar/imc_crossbar_x 
  (1,3) = (2,1)                            |  (1,3) = (363,3)                          
  2 = 6                                    |  2 = 3                                    
  4 = 2                                    |  4 = 363                                  
                                           |                                           
Instance: sky130_fd_pr__pfet_01v8:319      |Instance: imc_crossbar:xbar/imc_crossbar_x 
  (1,3) = (2,1)                            |  (1,3) = (26,2)                           
  2 = 6                                    |  2 = 3                                    
  4 = 2                                    |  4 = 363                                  
                                           |                                           
Instance: sky130_fd_pr__pfet_01v8:181      |Instance: imc_crossbar:xbar/imc_crossbar_x 
  (1,3) = (6,1)                            |  (1,3) = (363,3)                          
  2 = 6                                    |  2 = 3                                    
  4 = 1                                    |  4 = 363                                  
                                           |                                           
Instance: sky130_fd_pr__pfet_01v8:192      |Instance: imc_crossbar:xbar/imc_crossbar_x 
  (1,3) = (6,1)                            |  (1,3) = (26,2)                           
  2 = 6                                    |  2 = 3                                    
  4 = 1                                    |  4 = 363                                  
                                           |                                           
Instance: sky130_fd_pr__nfet_01v8:1        |Instance: imc_crossbar:xbar/imc_crossbar_x 
  (1,3) = (1,1)                            |  (1,3) = (363,3)                          
  2 = 17                                   |  2 = 3                                    
  4 = 92                                   |  4 = 363                                  
                                           |                                           
Instance: sky130_fd_pr__nfet_01v8:2        |Instance: imc_crossbar:xbar/imc_crossbar_x 
  (1,3) = (56,1)                           |  (1,3) = (26,2)                           
  2 = 56                                   |  2 = 3                                    
  4 = 92                                   |  4 = 363                                  
                                           |                                           
Instance: sky130_fd_pr__nfet_01v8:11       |Instance: imc_crossbar:xbar/imc_crossbar_x 
  (1,3) = (4,1)                            |  (1,3) = (363,3)                          
  2 = 4                                    |  2 = 3                                    
  4 = 92                                   |  4 = 363                                  
                                           |                                           
Instance: sky130_fd_pr__nfet_01v8:14       |Instance: imc_crossbar:xbar/imc_crossbar_x 
  (1,3) = (2,2)                            |  (1,3) = (26,2)                           
  2 = 92                                   |  2 = 3                                    
  4 = 92                                   |  4 = 363                                  
                                           |                                           
Instance: sky130_fd_pr__nfet_01v8:16       |Instance: imc_crossbar:xbar/imc_crossbar_x 
  (1,3) = (1,1)                            |  (1,3) = (363,3)                          
  2 = 56                                   |  2 = 3                                    
  4 = 92                                   |  4 = 363                                  
                                           |                                           
Instance: sky130_fd_pr__nfet_01v8:38       |Instance: imc_crossbar:xbar/imc_crossbar_x 
  (1,3) = (2,1)                            |  (1,3) = (26,2)                           
  2 = 2                                    |  2 = 3                                    
  4 = 92                                   |  4 = 363                                  
                                           |                                           
Instance: sky130_fd_pr__nfet_01v8:46       |Instance: imc_crossbar:xbar/imc_crossbar_x 
  (1,3) = (1,1)                            |  (1,3) = (363,3)                          
  2 = 1                                    |  2 = 3                                    
  4 = 92                                   |  4 = 363                                  
                                           |                                           
Instance: sky130_fd_pr__nfet_01v8:49       |Instance: imc_crossbar:xbar/imc_crossbar_x 
  (1,3) = (9,9)                            |  (1,3) = (26,2)                           
  2 = 9                                    |  2 = 3                                    
  4 = 92                                   |  4 = 363                                  
                                           |                                           
Instance: sky130_fd_pr__nfet_01v8:63       |Instance: imc_crossbar:xbar/imc_crossbar_r 
  (1,3) = (2,2)                            |  (1,3) = (388,4)                          
  2 = 1                                    |  2 = 5                                    
  4 = 92                                   |  4 = 363                                  
                                           |                                           
Instance: sky130_fd_pr__nfet_01v8:64       |Instance: imc_crossbar:xbar/imc_crossbar_x 
  (1,3) = (7,7)                            |  (1,3) = (363,3)                          
  2 = 7                                    |  2 = 3                                    
  4 = 92                                   |  4 = 363                                  
                                           |                                           
Instance: sky130_fd_pr__nfet_01v8:66       |Instance: imc_crossbar:xbar/imc_crossbar_x 
  (1,3) = (5,5)                            |  (1,3) = (26,2)                           
  2 = 5                                    |  2 = 3                                    
  4 = 92                                   |  4 = 363                                  
                                           |                                           
Instance: sky130_fd_pr__nfet_01v8:67       |Instance: imc_crossbar:xbar/imc_crossbar_x 
  (1,3) = (7,1)                            |  (1,3) = (363,3)                          
  2 = 7                                    |  2 = 3                                    
  4 = 92                                   |  4 = 363                                  
                                           |                                           
Instance: sky130_fd_pr__nfet_01v8:82       |Instance: imc_crossbar:xbar/imc_crossbar_x 
  (1,3) = (2,1)                            |  (1,3) = (26,2)                           
  2 = 2                                    |  2 = 3                                    
  4 = 92                                   |  4 = 363                                  
                                           |                                           
Instance: sky130_fd_pr__nfet_01v8:94       |Instance: imc_crossbar:xbar/imc_crossbar_x 
  (1,3) = (2,1)                            |  (1,3) = (363,3)                          
  2 = 2                                    |  2 = 3                                    
  4 = 92                                   |  4 = 363                                  
                                           |                                           
Instance: sky130_fd_pr__nfet_01v8:97       |Instance: imc_crossbar:xbar/imc_crossbar_x 
  (1,3) = (2,2)                            |  (1,3) = (26,2)                           
  2 = 92                                   |  2 = 3                                    
  4 = 92                                   |  4 = 363                                  
                                           |                                           
Instance: sky130_fd_pr__nfet_01v8:98       |Instance: imc_crossbar:xbar/imc_crossbar_x 
  (1,3) = (4,1)                            |  (1,3) = (363,3)                          
  2 = 4                                    |  2 = 3                                    
  4 = 92                                   |  4 = 363                                  
                                           |                                           
Instance: sky130_fd_pr__nfet_01v8:107      |Instance: imc_crossbar:xbar/imc_crossbar_x 
  (1,3) = (92,2)                           |  (1,3) = (26,2)                           
  2 = 2                                    |  2 = 3                                    
  4 = 92                                   |  4 = 363                                  
                                           |                                           
Instance: sky130_fd_pr__nfet_01v8:118      |Instance: imc_crossbar:xbar/imc_crossbar_x 
  (1,3) = (2,2)                            |  (1,3) = (363,3)                          
  2 = 1                                    |  2 = 3                                    
  4 = 92                                   |  4 = 363                                  
                                           |                                           
Instance: sky130_fd_pr__nfet_01v8:142      |Instance: imc_crossbar:xbar/imc_crossbar_x 
  (1,3) = (2,2)                            |  (1,3) = (26,2)                           
  2 = 1                                    |  2 = 3                                    
  4 = 92                                   |  4 = 363                                  
                                           |                                           
Instance: sky130_fd_pr__nfet_01v8:147      |Instance: imc_crossbar:xbar/imc_crossbar_x 
  (1,3) = (2,1)                            |  (1,3) = (363,3)                          
  2 = 2                                    |  2 = 3                                    
  4 = 92                                   |  4 = 363                                  
                                           |                                           
Instance: sky130_fd_pr__nfet_01v8:150      |Instance: imc_crossbar:xbar/imc_crossbar_x 
  (1,3) = (2,2)                            |  (1,3) = (26,2)                           
  2 = 1                                    |  2 = 3                                    
  4 = 92                                   |  4 = 363                                  
                                           |                                           
Instance: sky130_fd_pr__nfet_01v8:151      |Instance: imc_crossbar:xbar/imc_crossbar_x 
  (1,3) = (2,1)                            |  (1,3) = (363,3)                          
  2 = 2                                    |  2 = 3                                    
  4 = 92                                   |  4 = 363                                  
                                           |                                           
Instance: sky130_fd_pr__nfet_01v8:153      |Instance: imc_crossbar:xbar/imc_crossbar_x 
  (1,3) = (1,1)                            |  (1,3) = (26,2)                           
  2 = 2                                    |  2 = 3                                    
  4 = 92                                   |  4 = 363                                  
                                           |                                           
Instance: sky130_fd_pr__nfet_01v8:178      |Instance: imc_crossbar:xbar/imc_crossbar_x 
  (1,3) = (2,1)                            |  (1,3) = (363,3)                          
  2 = 2                                    |  2 = 3                                    
  4 = 92                                   |  4 = 363                                  
                                           |                                           
Instance: sky130_fd_pr__nfet_01v8:179      |Instance: imc_crossbar:xbar/imc_crossbar_x 
  (1,3) = (7,2)                            |  (1,3) = (26,2)                           
  2 = 7                                    |  2 = 3                                    
  4 = 92                                   |  4 = 363                                  
                                           |                                           
Instance: sky130_fd_pr__nfet_01v8:186      |Instance: imc_crossbar:xbar/imc_crossbar_x 
  (1,3) = (7,1)                            |  (1,3) = (363,3)                          
  2 = 7                                    |  2 = 3                                    
  4 = 92                                   |  4 = 363                                  
                                           |                                           
Instance: sky130_fd_pr__nfet_01v8:191      |Instance: imc_crossbar:xbar/imc_crossbar_x 
  (1,3) = (7,2)                            |  (1,3) = (26,2)                           
  2 = 7                                    |  2 = 3                                    
  4 = 92                                   |  4 = 363                                  
                                           |                                           
Instance: sky130_fd_pr__nfet_01v8:205      |Instance: imc_crossbar:xbar/imc_crossbar_x 
  (1,3) = (9,9)                            |  (1,3) = (363,3)                          
  2 = 9                                    |  2 = 3                                    
  4 = 92                                   |  4 = 363                                  
                                           |                                           
Instance: sky130_fd_pr__nfet_01v8:212      |Instance: imc_crossbar:xbar/imc_crossbar_x 
  (1,3) = (2,1)                            |  (1,3) = (26,2)                           
  2 = 2                                    |  2 = 3                                    
  4 = 92                                   |  4 = 363                                  
                                           |                                           
Instance: sky130_fd_pr__nfet_01v8:223      |Instance: imc_crossbar:xbar/imc_crossbar_x 
  (1,3) = (7,1)                            |  (1,3) = (363,3)                          
  2 = 7                                    |  2 = 3                                    
  4 = 92                                   |  4 = 363                                  
                                           |                                           
Instance: sky130_fd_pr__nfet_01v8:224      |Instance: imc_crossbar:xbar/imc_crossbar_x 
  (1,3) = (5,5)                            |  (1,3) = (26,2)                           
  2 = 5                                    |  2 = 3                                    
  4 = 92                                   |  4 = 363                                  
                                           |                                           
Instance: sky130_fd_pr__nfet_01v8:238      |Instance: imc_crossbar:xbar/imc_crossbar_x 
  (1,3) = (2,2)                            |  (1,3) = (363,3)                          
  2 = 1                                    |  2 = 3                                    
  4 = 92                                   |  4 = 363                                  
                                           |                                           
Instance: sky130_fd_pr__nfet_01v8:246      |Instance: imc_crossbar:xbar/imc_crossbar_x 
  (1,3) = (4,2)                            |  (1,3) = (26,2)                           
  2 = 4                                    |  2 = 3                                    
  4 = 92                                   |  4 = 363                                  
                                           |                                           
Instance: sky130_fd_pr__nfet_01v8:253      |Instance: interleaved_adc:adc/iadc_mux_sw: 
  (1,3) = (2,1)                            |  (1,3) = (5,4)                            
  2 = 2                                    |  2 = 1                                    
  4 = 92                                   |  4 = 363                                  
                                           |                                           
Instance: sky130_fd_pr__nfet_01v8:276      |Instance: interleaved_adc:adc/iadc_mux_sw: 
  (1,3) = (2,2)                            |  (1,3) = (5,4)                            
  2 = 1                                    |  2 = 1                                    
  4 = 92                                   |  4 = 363                                  
                                           |                                           
Instance: sky130_fd_pr__nfet_01v8:298      |Instance: interleaved_adc:adc/sky130_fd_pr 
  (1,3) = (56,1)                           |  (1,3) = (363,5)                          
  2 = 1                                    |  2 = 5                                    
  4 = 92                                   |  4 = 363                                  
                                           |                                           
Instance: sky130_fd_pr__nfet_01v8:318      |Instance: interleaved_adc:adc/sky130_fd_pr 
  (1,3) = (2,1)                            |  (1,3) = (363,5)                          
  2 = 2                                    |  2 = 5                                    
  4 = 92                                   |  4 = 363                                  
                                           |                                           
Instance: sky130_fd_pr__nfet_01v8:320      |Instance: interleaved_adc:adc/sky130_fd_pr 
  (1,3) = (2,1)                            |  (1,3) = (363,5)                          
  2 = 2                                    |  2 = 8                                    
  4 = 92                                   |  4 = 363                                  
                                           |                                           
Instance: sky130_fd_pr__nfet_01v8:330      |Instance: interleaved_adc:adc/sky130_fd_pr 
  (1,3) = (2,1)                            |  (1,3) = (363,5)                          
  2 = 2                                    |  2 = 8                                    
  4 = 92                                   |  4 = 363                                  
                                           |                                           
Instance: sky130_fd_pr__nfet_01v8:331      |Instance: interleaved_adc:adc/iadc_cdac:u0 
  (1,3) = (2,1)                            |  (1,3) = (363,3)                          
  2 = 2                                    |  2 = 3                                    
  4 = 92                                   |  4 = 363                                  
                                           |                                           
Instance: sky130_fd_pr__nfet_01v8:332      |Instance: interleaved_adc:adc/iadc_cdac:u0 
  (1,3) = (92,92)                          |  (1,3) = (40,2)                           
  2 = 1                                    |  2 = 3                                    
  4 = 92                                   |  4 = 363                                  
                                           |                                           
Instance: sky130_fd_pr__nfet_01v8:337      |Instance: interleaved_adc:adc/iadc_cdac:u0 
  (1,3) = (4,2)                            |  (1,3) = (363,3)                          
  2 = 4                                    |  2 = 3                                    
  4 = 92                                   |  4 = 363                                  
                                           |                                           
Instance: sky130_fd_pr__nfet_01v8:346      |Instance: interleaved_adc:adc/iadc_cdac:u0 
  (1,3) = (7,1)                            |  (1,3) = (40,2)                           
  2 = 7                                    |  2 = 3                                    
  4 = 92                                   |  4 = 363                                  
                                           |                                           
Instance: sky130_fd_pr__nfet_01v8:354      |Instance: interleaved_adc:adc/iadc_cdac:u0 
  (1,3) = (7,7)                            |  (1,3) = (363,3)                          
  2 = 7                                    |  2 = 3                                    
  4 = 92                                   |  4 = 363                                  
                                           |                                           
Instance: sky130_fd_pr__nfet_01v8:360      |Instance: interleaved_adc:adc/iadc_cdac:u0 
  (1,3) = (92,92)                          |  (1,3) = (40,2)                           
  2 = 92                                   |  2 = 3                                    
  4 = 92                                   |  4 = 363                                  
                                           |                                           
Instance: sky130_fd_pr__nfet_01v8:391      |Instance: interleaved_adc:adc/iadc_cdac:u0 
  (1,3) = (17,1)                           |  (1,3) = (363,3)                          
  2 = 17                                   |  2 = 3                                    
  4 = 92                                   |  4 = 363                                  
                                           |                                           
Instance: sky130_fd_pr__nfet_01v8:394      |Instance: interleaved_adc:adc/iadc_cdac:u0 
  (1,3) = (5,5)                            |  (1,3) = (40,2)                           
  2 = 56                                   |  2 = 3                                    
  4 = 92                                   |  4 = 363                                  
                                           |                                           
Instance: sky130_fd_pr__nfet_01v8:395      |Instance: interleaved_adc:adc/iadc_sar_inv 
  (1,3) = (2,2)                            |  (1,3) = (363,4)                          
  2 = 1                                    |  2 = 2                                    
  4 = 92                                   |  4 = 363                                  
                                           |                                           
Instance: sky130_fd_pr__nfet_01v8:398      |Instance: interleaved_adc:adc/iadc_sar_inv 
  (1,3) = (2,1)                            |  (1,3) = (363,2)                          
  2 = 2                                    |  2 = 4                                    
  4 = 92                                   |  4 = 363                                  
                                           |                                           
Instance: sky130_fd_pr__nfet_01v8:402      |Instance: interleaved_adc:adc/iadc_sar_inv 
  (1,3) = (17,1)                           |  (1,3) = (363,4)                          
  2 = 1                                    |  2 = 2                                    
  4 = 92                                   |  4 = 363                                  
                                           |                                           
Instance: sky130_fd_pr__nfet_01v8:410      |Instance: interleaved_adc:adc/iadc_sar_inv 
  (1,3) = (2,2)                            |  (1,3) = (363,2)                          
  2 = 1                                    |  2 = 4                                    
  4 = 92                                   |  4 = 363                                  
                                           |                                           
Instance: sky130_fd_pr__nfet_01v8:414      |Instance: interleaved_adc:adc/iadc_sar_inv 
  (1,3) = (2,1)                            |  (1,3) = (363,4)                          
  2 = 2                                    |  2 = 2                                    
  4 = 92                                   |  4 = 363                                  
                                           |                                           
Instance: sky130_fd_pr__nfet_01v8:419      |Instance: interleaved_adc:adc/iadc_sar_inv 
  (1,3) = (2,1)                            |  (1,3) = (363,2)                          
  2 = 2                                    |  2 = 4                                    
  4 = 92                                   |  4 = 363                                  
                                           |                                           
Instance: sky130_fd_pr__nfet_01v8:426      |Instance: interleaved_adc:adc/iadc_sar_inv 
  (1,3) = (2,1)                            |  (1,3) = (363,4)                          
  2 = 2                                    |  2 = 2                                    
  4 = 92                                   |  4 = 363                                  
                                           |                                           
Instance: sky130_fd_pr__nfet_01v8:427      |Instance: interleaved_adc:adc/iadc_sar_inv 
  (1,3) = (2,1)                            |  (1,3) = (363,2)                          
  2 = 2                                    |  2 = 4                                    
  4 = 92                                   |  4 = 363                                  
                                           |                                           
Instance: sky130_fd_pr__nfet_01v8:436      |Instance: interleaved_adc:adc/iadc_sar_inv 
  (1,3) = (5,5)                            |  (1,3) = (363,4)                          
  2 = 56                                   |  2 = 2                                    
  4 = 92                                   |  4 = 363                                  
                                           |                                           
Instance: sky130_fd_pr__nfet_01v8:465      |Instance: interleaved_adc:adc/iadc_sar_inv 
  (1,3) = (2,1)                            |  (1,3) = (363,2)                          
  2 = 2                                    |  2 = 4                                    
  4 = 92                                   |  4 = 363                                  
                                           |                                           
Instance: sky130_fd_pr__nfet_01v8:486      |Instance: interleaved_adc:adc/iadc_sar_inv 
  (1,3) = (2,1)                            |  (1,3) = (363,4)                          
  2 = 2                                    |  2 = 2                                    
  4 = 92                                   |  4 = 363                                  
                                           |                                           
Instance: sky130_fd_pr__nfet_01v8:496      |Instance: interleaved_adc:adc/iadc_sar_inv 
  (1,3) = (2,2)                            |  (1,3) = (363,2)                          
  2 = 1                                    |  2 = 4                                    
  4 = 92                                   |  4 = 363                                  
                                           |                                           
Instance: sky130_fd_pr__nfet_01v8:512      |Instance: interleaved_adc:adc/iadc_sar_inv 
  (1,3) = (2,1)                            |  (1,3) = (363,4)                          
  2 = 2                                    |  2 = 2                                    
  4 = 92                                   |  4 = 363                                  
                                           |                                           
Instance: sky130_fd_pr__nfet_01v8:521      |Instance: interleaved_adc:adc/iadc_sar_inv 
  (1,3) = (2,1)                            |  (1,3) = (363,2)                          
  2 = 2                                    |  2 = 4                                    
  4 = 92                                   |  4 = 363                                  
                                           |                                           
Instance: sky130_fd_pr__nfet_01v8:535      |Instance: interleaved_adc:adc/iadc_sar_inv 
  (1,3) = (92,2)                           |  (1,3) = (363,4)                          
  2 = 2                                    |  2 = 2                                    
  4 = 92                                   |  4 = 363                                  
                                           |                                           
Instance: sky130_fd_pr__nfet_01v8:536      |Instance: interleaved_adc:adc/iadc_sar_inv 
  (1,3) = (2,1)                            |  (1,3) = (363,2)                          
  2 = 2                                    |  2 = 4                                    
  4 = 92                                   |  4 = 363                                  
                                           |                                           
Instance: sky130_fd_pr__nfet_01v8:85       |Instance: interleaved_adc:adc/iadc_mux_sw: 
  (1,3) = (6,4)                            |  (1,3) = (4,3)                            
  2 = 6                                    |  2 = 1                                    
  4 = 92                                   |  4 = 363                                  
                                           |                                           
Instance: sky130_fd_pr__nfet_01v8:105      |Instance: interleaved_adc:adc/sky130_fd_pr 
  (1,3) = (6,4)                            |  (1,3) = (363,5)                          
  2 = 6                                    |  2 = 5                                    
  4 = 92                                   |  4 = 363                                  
                                           |                                           
Instance: sky130_fd_pr__cap_mim_m3_1:12    |Instance: interleaved_adc:adc/sky130_fd_pr 
  1 = 1                                    |  (1,3) = (363,5)                          
  2 = 1                                    |  2 = 5                                    
                                           |  4 = 363                                  
                                           |                                           
                                           |                                           
Instance: sky130_fd_pr__cap_mim_m3_1:22    |Instance: interleaved_adc:adc/sky130_fd_pr 
  1 = 1                                    |  (1,3) = (363,5)                          
  2 = 1                                    |  2 = 8                                    
                                           |  4 = 363                                  
                                           |                                           
                                           |                                           
Instance: sky130_fd_pr__cap_mim_m3_1:25    |Instance: interleaved_adc:adc/sky130_fd_pr 
  1 = 1                                    |  (1,3) = (363,5)                          
  2 = 17                                   |  2 = 8                                    
                                           |  4 = 363                                  
                                           |                                           
                                           |                                           
Instance: sky130_fd_pr__cap_mim_m3_1:47    |Instance: interleaved_adc:adc/iadc_cdac:u1 
  1 = 17                                   |  (1,3) = (363,3)                          
  2 = 17                                   |  2 = 3                                    
                                           |  4 = 363                                  
                                           |                                           
                                           |                                           
Instance: sky130_fd_pr__cap_mim_m3_1:148   |Instance: interleaved_adc:adc/iadc_cdac:u1 
  1 = 17                                   |  (1,3) = (40,2)                           
  2 = 1                                    |  2 = 3                                    
                                           |  4 = 363                                  
                                           |                                           
                                           |                                           
Instance: sky130_fd_pr__cap_mim_m3_1:243   |Instance: interleaved_adc:adc/iadc_cdac:u1 
  1 = 1                                    |  (1,3) = (363,3)                          
  2 = 1                                    |  2 = 3                                    
                                           |  4 = 363                                  
                                           |                                           
                                           |                                           
Instance: sky130_fd_pr__cap_mim_m3_1:344   |Instance: interleaved_adc:adc/iadc_cdac:u1 
  1 = 1                                    |  (1,3) = (40,2)                           
  2 = 1                                    |  2 = 3                                    
                                           |  4 = 363                                  
                                           |                                           
                                           |                                           
(no matching instance)                     |Instance: interleaved_adc:adc/iadc_cdac:u1 
                                           |  (1,3) = (363,3)                          
                                           |  2 = 3                                    
                                           |  4 = 363                                  
                                           |                                           
                                           |                                           
(no matching instance)                     |Instance: interleaved_adc:adc/iadc_cdac:u1 
                                           |  (1,3) = (40,2)                           
                                           |  2 = 3                                    
                                           |  4 = 363                                  
                                           |                                           
                                           |                                           
(no matching instance)                     |Instance: interleaved_adc:adc/iadc_cdac:u1 
                                           |  (1,3) = (363,3)                          
                                           |  2 = 3                                    
                                           |  4 = 363                                  
                                           |                                           
                                           |                                           
(no matching instance)                     |Instance: interleaved_adc:adc/iadc_cdac:u1 
                                           |  (1,3) = (40,2)                           
                                           |  2 = 3                                    
                                           |  4 = 363                                  
                                           |                                           
                                           |                                           
(no matching instance)                     |Instance: interleaved_adc:adc/iadc_sar_inv 
                                           |  (1,3) = (363,4)                          
                                           |  2 = 2                                    
                                           |  4 = 363                                  
                                           |                                           
                                           |                                           
(no matching instance)                     |Instance: interleaved_adc:adc/iadc_sar_inv 
                                           |  (1,3) = (363,4)                          
                                           |  2 = 4                                    
                                           |  4 = 363                                  
                                           |                                           
                                           |                                           
(no matching instance)                     |Instance: interleaved_adc:adc/iadc_sar_inv 
                                           |  (1,3) = (363,4)                          
                                           |  2 = 2                                    
                                           |  4 = 363                                  
                                           |                                           
                                           |                                           
(no matching instance)                     |Instance: interleaved_adc:adc/iadc_sar_inv 
                                           |  (1,3) = (363,4)                          
                                           |  2 = 4                                    
                                           |  4 = 363                                  
                                           |                                           
                                           |                                           
(no matching instance)                     |Instance: interleaved_adc:adc/iadc_sar_inv 
                                           |  (1,3) = (363,4)                          
                                           |  2 = 2                                    
                                           |  4 = 363                                  
                                           |                                           
                                           |                                           
(no matching instance)                     |Instance: interleaved_adc:adc/iadc_sar_inv 
                                           |  (1,3) = (363,4)                          
                                           |  2 = 4                                    
                                           |  4 = 363                                  
                                           |                                           
                                           |                                           
(no matching instance)                     |Instance: interleaved_adc:adc/iadc_sar_inv 
                                           |  (1,3) = (363,4)                          
                                           |  2 = 2                                    
                                           |  4 = 363                                  
                                           |                                           
                                           |                                           
(no matching instance)                     |Instance: interleaved_adc:adc/iadc_sar_inv 
                                           |  (1,3) = (363,4)                          
                                           |  2 = 4                                    
                                           |  4 = 363                                  
                                           |                                           
                                           |                                           
(no matching instance)                     |Instance: interleaved_adc:adc/iadc_sar_inv 
                                           |  (1,3) = (363,4)                          
                                           |  2 = 2                                    
                                           |  4 = 363                                  
                                           |                                           
                                           |                                           
(no matching instance)                     |Instance: interleaved_adc:adc/iadc_sar_inv 
                                           |  (1,3) = (363,4)                          
                                           |  2 = 4                                    
                                           |  4 = 363                                  
                                           |                                           
                                           |                                           
(no matching instance)                     |Instance: interleaved_adc:adc/iadc_sar_inv 
                                           |  (1,3) = (363,4)                          
                                           |  2 = 2                                    
                                           |  4 = 363                                  
                                           |                                           
                                           |                                           
(no matching instance)                     |Instance: interleaved_adc:adc/iadc_sar_inv 
                                           |  (1,3) = (363,4)                          
                                           |  2 = 4                                    
                                           |  4 = 363                                  
                                           |                                           
                                           |                                           
(no matching instance)                     |Instance: interleaved_adc:adc/iadc_sar_inv 
                                           |  (1,3) = (363,4)                          
                                           |  2 = 2                                    
                                           |  4 = 363                                  
                                           |                                           
                                           |                                           
(no matching instance)                     |Instance: interleaved_adc:adc/iadc_sar_inv 
                                           |  (1,3) = (363,4)                          
                                           |  2 = 4                                    
                                           |  4 = 363                                  
                                           |                                           
                                           |                                           
(no matching instance)                     |Instance: interleaved_adc:adc/iadc_sar_inv 
                                           |  (1,3) = (363,4)                          
                                           |  2 = 2                                    
                                           |  4 = 363                                  
                                           |                                           
                                           |                                           
(no matching instance)                     |Instance: interleaved_adc:adc/iadc_sar_inv 
                                           |  (1,3) = (363,4)                          
                                           |  2 = 4                                    
                                           |  4 = 363                                  
                                           |                                           
                                           |                                           
(no matching instance)                     |Instance: async_ctrl:async/sky130_fd_pr__p 
                                           |  (1,3) = (363,4)                          
                                           |  2 = 2                                    
                                           |  4 = 363                                  
                                           |                                           
                                           |                                           
(no matching instance)                     |Instance: async_ctrl:async/rst_delay:rst_d 
                                           |  (1,3) = (363,4)                          
                                           |  2 = 4                                    
                                           |  4 = 363                                  
                                           |                                           
                                           |                                           
(no matching instance)                     |Instance: async_ctrl:async/rst_delay:rst_d 
                                           |  (1,3) = (363,4)                          
                                           |  2 = 4                                    
                                           |  4 = 363                                  
                                           |                                           
                                           |                                           
(no matching instance)                     |Instance: async_ctrl:async/rst_delay:rst_d 
                                           |  (1,3) = (363,4)                          
                                           |  2 = 4                                    
                                           |  4 = 363                                  
                                           |                                           
                                           |                                           
(no matching instance)                     |Instance: async_ctrl:async/rst_delay:rst_d 
                                           |  (1,3) = (363,4)                          
                                           |  2 = 4                                    
                                           |  4 = 363                                  
                                           |                                           
                                           |                                           
(no matching instance)                     |Instance: async_ctrl:async/rst_delay:rst_d 
                                           |  (1,3) = (363,4)                          
                                           |  2 = 4                                    
                                           |  4 = 363                                  
                                           |                                           
                                           |                                           
(no matching instance)                     |Instance: async_ctrl:async/rst_delay:rst_d 
                                           |  (1,3) = (363,4)                          
                                           |  2 = 4                                    
                                           |  4 = 363                                  
                                           |                                           
                                           |                                           
(no matching instance)                     |Instance: async_ctrl:async/rst_delay:rst_d 
                                           |  (1,3) = (363,4)                          
                                           |  2 = 4                                    
                                           |  4 = 363                                  
                                           |                                           
                                           |                                           
(no matching instance)                     |Instance: async_ctrl:async/rst_delay:rst_d 
                                           |  (1,3) = (363,4)                          
                                           |  2 = 4                                    
                                           |  4 = 363                                  
                                           |                                           
                                           |                                           
(no matching instance)                     |Instance: async_ctrl:async/rst_delay:rst_d 
                                           |  (1,3) = (363,4)                          
                                           |  2 = 4                                    
                                           |  4 = 363                                  
                                           |                                           
                                           |                                           
(no matching instance)                     |Instance: async_ctrl:async/sky130_fd_pr__p 
                                           |  (1,3) = (363,7)                          
                                           |  2 = 5                                    
                                           |  4 = 363                                  
                                           |                                           
                                           |                                           
(no matching instance)                     |Instance: async_ctrl:async/settle_delay:se 
                                           |  (1,3) = (363,4)                          
                                           |  2 = 4                                    
                                           |  4 = 363                                  
                                           |                                           
                                           |                                           
(no matching instance)                     |Instance: async_ctrl:async/settle_delay:se 
                                           |  (1,3) = (363,4)                          
                                           |  2 = 4                                    
                                           |  4 = 363                                  
                                           |                                           
                                           |                                           
(no matching instance)                     |Instance: async_ctrl:async/settle_delay:se 
                                           |  (1,3) = (363,4)                          
                                           |  2 = 4                                    
                                           |  4 = 363                                  
                                           |                                           
                                           |                                           
(no matching instance)                     |Instance: async_ctrl:async/settle_delay:se 
                                           |  (1,3) = (363,4)                          
                                           |  2 = 4                                    
                                           |  4 = 363                                  
                                           |                                           
                                           |                                           
(no matching instance)                     |Instance: async_ctrl:async/settle_delay:se 
                                           |  (1,3) = (363,4)                          
                                           |  2 = 4                                    
                                           |  4 = 363                                  
                                           |                                           
                                           |                                           
(no matching instance)                     |Instance: async_ctrl:async/settle_delay:se 
                                           |  (1,3) = (363,4)                          
                                           |  2 = 4                                    
                                           |  4 = 363                                  
                                           |                                           
                                           |                                           
(no matching instance)                     |Instance: async_ctrl:async/settle_delay:se 
                                           |  (1,3) = (363,4)                          
                                           |  2 = 4                                    
                                           |  4 = 363                                  
                                           |                                           
                                           |                                           
(no matching instance)                     |Instance: async_ctrl:async/settle_delay:se 
                                           |  (1,3) = (363,4)                          
                                           |  2 = 4                                    
                                           |  4 = 363                                  
                                           |                                           
                                           |                                           
(no matching instance)                     |Instance: async_ctrl:async/settle_delay:se 
                                           |  (1,3) = (363,4)                          
                                           |  2 = 4                                    
                                           |  4 = 363                                  
                                           |                                           
                                           |                                           
(no matching instance)                     |Instance: async_ctrl:async/settle_delay:se 
                                           |  (1,3) = (363,4)                          
                                           |  2 = 4                                    
                                           |  4 = 363                                  
                                           |                                           
                                           |                                           
(no matching instance)                     |Instance: async_ctrl:async/settle_delay:se 
                                           |  (1,3) = (363,4)                          
                                           |  2 = 4                                    
                                           |  4 = 363                                  
                                           |                                           
                                           |                                           
(no matching instance)                     |Instance: async_ctrl:async/settle_delay:se 
                                           |  (1,3) = (363,4)                          
                                           |  2 = 4                                    
                                           |  4 = 363                                  
                                           |                                           
                                           |                                           
(no matching instance)                     |Instance: async_ctrl:async/settle_delay:se 
                                           |  (1,3) = (363,4)                          
                                           |  2 = 4                                    
                                           |  4 = 363                                  
                                           |                                           
                                           |                                           
(no matching instance)                     |Instance: async_ctrl:async/settle_delay:se 
                                           |  (1,3) = (363,4)                          
                                           |  2 = 4                                    
                                           |  4 = 363                                  
                                           |                                           
                                           |                                           
(no matching instance)                     |Instance: async_ctrl:async/settle_delay:se 
                                           |  (1,3) = (363,4)                          
                                           |  2 = 4                                    
                                           |  4 = 363                                  
                                           |                                           
                                           |                                           
(no matching instance)                     |Instance: async_ctrl:async/settle_delay:se 
                                           |  (1,3) = (363,4)                          
                                           |  2 = 4                                    
                                           |  4 = 363                                  
                                           |                                           
                                           |                                           
(no matching instance)                     |Instance: async_ctrl:async/settle_delay:se 
                                           |  (1,3) = (363,4)                          
                                           |  2 = 4                                    
                                           |  4 = 363                                  
                                           |                                           
                                           |                                           
(no matching instance)                     |Instance: async_ctrl:async/settle_delay:se 
                                           |  (1,3) = (363,4)                          
                                           |  2 = 4                                    
                                           |  4 = 363                                  
                                           |                                           
                                           |                                           
(no matching instance)                     |Instance: async_ctrl:async/settle_delay:se 
                                           |  (1,3) = (363,4)                          
                                           |  2 = 4                                    
                                           |  4 = 363                                  
                                           |                                           
                                           |                                           
(no matching instance)                     |Instance: async_ctrl:async/settle_delay:se 
                                           |  (1,3) = (363,4)                          
                                           |  2 = 4                                    
                                           |  4 = 363                                  
                                           |                                           
                                           |                                           
(no matching instance)                     |Instance: async_ctrl:async/sky130_fd_pr__p 
                                           |  (1,3) = (363,4)                          
                                           |  2 = 4                                    
                                           |  4 = 363                                  
                                           |                                           
                                           |                                           
(no matching instance)                     |Instance: async_ctrl:async/sky130_fd_pr__p 
                                           |  (1,3) = (363,4)                          
                                           |  2 = 4                                    
                                           |  4 = 363                                  
                                           |                                           
                                           |                                           
(no matching instance)                     |Instance: async_ctrl:async/sky130_fd_pr__p 
                                           |  (1,3) = (363,4)                          
                                           |  2 = 4                                    
                                           |  4 = 363                                  
                                           |                                           
                                           |                                           
(no matching instance)                     |Instance: async_ctrl:async/sky130_fd_pr__p 
                                           |  (1,3) = (363,8)                          
                                           |  2 = 4                                    
                                           |  4 = 363                                  
                                           |                                           
                                           |                                           
(no matching instance)                     |Instance: async_ctrl:async/sky130_fd_pr__p 
                                           |  (1,3) = (363,4)                          
                                           |  2 = 2                                    
                                           |  4 = 363                                  
                                           |                                           
                                           |                                           
(no matching instance)                     |Instance: async_ctrl:async/sky130_fd_pr__p 
                                           |  (1,3) = (363,4)                          
                                           |  2 = 4                                    
                                           |  4 = 363                                  
                                           |                                           
                                           |                                           
(no matching instance)                     |Instance: async_ctrl:async/sky130_fd_pr__p 
                                           |  (1,3) = (363,4)                          
                                           |  2 = 4                                    
                                           |  4 = 363                                  
                                           |                                           
                                           |                                           
(no matching instance)                     |Instance: async_ctrl:async/sky130_fd_pr__p 
                                           |  (1,3) = (363,2)                          
                                           |  2 = 4                                    
                                           |  4 = 363                                  
                                           |                                           
                                           |                                           
(no matching instance)                     |Instance: async_ctrl:async/rst_delay:rst_d 
                                           |  (1,3) = (363,4)                          
                                           |  2 = 6                                    
                                           |  4 = 363                                  
                                           |                                           
                                           |                                           
(no matching instance)                     |Instance: async_ctrl:async/sky130_fd_pr__p 
                                           |  (1,3) = (363,4)                          
                                           |  2 = 6                                    
                                           |  4 = 363                                  
                                           |                                           
                                           |                                           
(no matching instance)                     |Instance: async_ctrl:async/sky130_fd_pr__p 
                                           |  (1,3) = (363,5)                          
                                           |  2 = 6                                    
                                           |  4 = 363                                  
                                           |                                           
                                           |                                           
(no matching instance)                     |Instance: async_ctrl:async/sky130_fd_pr__p 
                                           |  (1,3) = (363,5)                          
                                           |  2 = 6                                    
                                           |  4 = 363                                  
                                           |                                           
                                           |                                           
(no matching instance)                     |Instance: async_ctrl:async/sky130_fd_pr__p 
                                           |  (1,3) = (363,6)                          
                                           |  2 = 4                                    
                                           |  4 = 363                                  
                                           |                                           
                                           |                                           
(no matching instance)                     |Instance: async_ctrl:async/sky130_fd_pr__p 
                                           |  (1,3) = (363,6)                          
                                           |  2 = 4                                    
                                           |  4 = 363                                  
                                           |                                           
                                           |                                           
(no matching instance)                     |Instance: charge_dac:dac0/sky130_fd_pr__nf 
                                           |  (1,3) = (388,4)                          
                                           |  2 = 4                                    
                                           |  4 = 388                                  
                                           |                                           
                                           |                                           
(no matching instance)                     |Instance: charge_dac:dac0/charge_dac_sw:sw 
                                           |  (1,3) = (40,4)                           
                                           |  2 = 4                                    
                                           |  4 = 388                                  
                                           |                                           
                                           |                                           
(no matching instance)                     |Instance: charge_dac:dac0/charge_dac_sw:sw 
                                           |  (1,3) = (388,4)                          
                                           |  2 = 4                                    
                                           |  4 = 388                                  
                                           |                                           
                                           |                                           
(no matching instance)                     |Instance: charge_dac:dac0/sky130_fd_pr__nf 
                                           |  (1,3) = (388,4)                          
                                           |  2 = 4                                    
                                           |  4 = 388                                  
                                           |                                           
                                           |                                           
(no matching instance)                     |Instance: charge_dac:dac0/charge_dac_sw:sw 
                                           |  (1,3) = (40,4)                           
                                           |  2 = 4                                    
                                           |  4 = 388                                  
                                           |                                           
                                           |                                           
(no matching instance)                     |Instance: charge_dac:dac0/charge_dac_sw:sw 
                                           |  (1,3) = (388,4)                          
                                           |  2 = 4                                    
                                           |  4 = 388                                  
                                           |                                           
                                           |                                           
(no matching instance)                     |Instance: charge_dac:dac0/sky130_fd_pr__nf 
                                           |  (1,3) = (388,4)                          
                                           |  2 = 4                                    
                                           |  4 = 388                                  
                                           |                                           
                                           |                                           
(no matching instance)                     |Instance: charge_dac:dac0/charge_dac_sw:sw 
                                           |  (1,3) = (40,4)                           
                                           |  2 = 4                                    
                                           |  4 = 388                                  
                                           |                                           
                                           |                                           
(no matching instance)                     |Instance: charge_dac:dac0/charge_dac_sw:sw 
                                           |  (1,3) = (388,4)                          
                                           |  2 = 4                                    
                                           |  4 = 388                                  
                                           |                                           
                                           |                                           
(no matching instance)                     |Instance: charge_dac:dac0/sky130_fd_pr__nf 
                                           |  (1,3) = (388,4)                          
                                           |  2 = 4                                    
                                           |  4 = 388                                  
                                           |                                           
                                           |                                           
(no matching instance)                     |Instance: charge_dac:dac0/charge_dac_sw:sw 
                                           |  (1,3) = (40,4)                           
                                           |  2 = 4                                    
                                           |  4 = 388                                  
                                           |                                           
                                           |                                           
(no matching instance)                     |Instance: charge_dac:dac0/charge_dac_sw:sw 
                                           |  (1,3) = (388,4)                          
                                           |  2 = 4                                    
                                           |  4 = 388                                  
                                           |                                           
                                           |                                           
(no matching instance)                     |Instance: charge_dac:dac1/sky130_fd_pr__nf 
                                           |  (1,3) = (388,4)                          
                                           |  2 = 4                                    
                                           |  4 = 388                                  
                                           |                                           
                                           |                                           
(no matching instance)                     |Instance: charge_dac:dac1/charge_dac_sw:sw 
                                           |  (1,3) = (40,4)                           
                                           |  2 = 4                                    
                                           |  4 = 388                                  
                                           |                                           
                                           |                                           
(no matching instance)                     |Instance: charge_dac:dac1/charge_dac_sw:sw 
                                           |  (1,3) = (388,4)                          
                                           |  2 = 4                                    
                                           |  4 = 388                                  
                                           |                                           
                                           |                                           
(no matching instance)                     |Instance: charge_dac:dac1/sky130_fd_pr__nf 
                                           |  (1,3) = (388,4)                          
                                           |  2 = 4                                    
                                           |  4 = 388                                  
                                           |                                           
                                           |                                           
(no matching instance)                     |Instance: charge_dac:dac1/charge_dac_sw:sw 
                                           |  (1,3) = (40,4)                           
                                           |  2 = 4                                    
                                           |  4 = 388                                  
                                           |                                           
                                           |                                           
(no matching instance)                     |Instance: charge_dac:dac1/charge_dac_sw:sw 
                                           |  (1,3) = (388,4)                          
                                           |  2 = 4                                    
                                           |  4 = 388                                  
                                           |                                           
                                           |                                           
(no matching instance)                     |Instance: charge_dac:dac1/sky130_fd_pr__nf 
                                           |  (1,3) = (388,4)                          
                                           |  2 = 4                                    
                                           |  4 = 388                                  
                                           |                                           
                                           |                                           
(no matching instance)                     |Instance: charge_dac:dac1/charge_dac_sw:sw 
                                           |  (1,3) = (40,4)                           
                                           |  2 = 4                                    
                                           |  4 = 388                                  
                                           |                                           
                                           |                                           
(no matching instance)                     |Instance: charge_dac:dac1/charge_dac_sw:sw 
                                           |  (1,3) = (388,4)                          
                                           |  2 = 4                                    
                                           |  4 = 388                                  
                                           |                                           
                                           |                                           
(no matching instance)                     |Instance: charge_dac:dac1/sky130_fd_pr__nf 
                                           |  (1,3) = (388,4)                          
                                           |  2 = 4                                    
                                           |  4 = 388                                  
                                           |                                           
                                           |                                           
(no matching instance)                     |Instance: charge_dac:dac1/charge_dac_sw:sw 
                                           |  (1,3) = (40,4)                           
                                           |  2 = 4                                    
                                           |  4 = 388                                  
                                           |                                           
                                           |                                           
(no matching instance)                     |Instance: charge_dac:dac1/charge_dac_sw:sw 
                                           |  (1,3) = (388,4)                          
                                           |  2 = 4                                    
                                           |  4 = 388                                  
                                           |                                           
                                           |                                           
(no matching instance)                     |Instance: charge_dac:dac2/sky130_fd_pr__nf 
                                           |  (1,3) = (388,4)                          
                                           |  2 = 4                                    
                                           |  4 = 388                                  
                                           |                                           
                                           |                                           
(no matching instance)                     |Instance: charge_dac:dac2/charge_dac_sw:sw 
                                           |  (1,3) = (40,4)                           
                                           |  2 = 4                                    
                                           |  4 = 388                                  
                                           |                                           
                                           |                                           
(no matching instance)                     |Instance: charge_dac:dac2/charge_dac_sw:sw 
                                           |  (1,3) = (388,4)                          
                                           |  2 = 4                                    
                                           |  4 = 388                                  
                                           |                                           
                                           |                                           
(no matching instance)                     |Instance: charge_dac:dac2/sky130_fd_pr__nf 
                                           |  (1,3) = (388,4)                          
                                           |  2 = 4                                    
                                           |  4 = 388                                  
                                           |                                           
                                           |                                           
(no matching instance)                     |Instance: charge_dac:dac2/charge_dac_sw:sw 
                                           |  (1,3) = (40,4)                           
                                           |  2 = 4                                    
                                           |  4 = 388                                  
                                           |                                           
                                           |                                           
(no matching instance)                     |Instance: charge_dac:dac2/charge_dac_sw:sw 
                                           |  (1,3) = (388,4)                          
                                           |  2 = 4                                    
                                           |  4 = 388                                  
                                           |                                           
                                           |                                           
(no matching instance)                     |Instance: charge_dac:dac2/sky130_fd_pr__nf 
                                           |  (1,3) = (388,4)                          
                                           |  2 = 4                                    
                                           |  4 = 388                                  
                                           |                                           
                                           |                                           
(no matching instance)                     |Instance: charge_dac:dac2/charge_dac_sw:sw 
                                           |  (1,3) = (40,4)                           
                                           |  2 = 4                                    
                                           |  4 = 388                                  
                                           |                                           
                                           |                                           
(no matching instance)                     |Instance: charge_dac:dac2/charge_dac_sw:sw 
                                           |  (1,3) = (388,4)                          
                                           |  2 = 4                                    
                                           |  4 = 388                                  
                                           |                                           
                                           |                                           
(no matching instance)                     |Instance: charge_dac:dac2/sky130_fd_pr__nf 
                                           |  (1,3) = (388,4)                          
                                           |  2 = 4                                    
                                           |  4 = 388                                  
                                           |                                           
                                           |                                           
(no matching instance)                     |Instance: charge_dac:dac2/charge_dac_sw:sw 
                                           |  (1,3) = (40,4)                           
                                           |  2 = 4                                    
                                           |  4 = 388                                  
                                           |                                           
                                           |                                           
(no matching instance)                     |Instance: charge_dac:dac2/charge_dac_sw:sw 
                                           |  (1,3) = (388,4)                          
                                           |  2 = 4                                    
                                           |  4 = 388                                  
                                           |                                           
                                           |                                           
(no matching instance)                     |Instance: sky130_fd_pr__nfet_01v8:sh_inv_n 
                                           |  (1,3) = (388,5)                          
                                           |  2 = 5                                    
                                           |  4 = 388                                  
                                           |                                           
                                           |                                           
(no matching instance)                     |Instance: gemm_sh_sw:sh0/sky130_fd_pr__nfe 
                                           |  (1,3) = (26,2)                           
                                           |  2 = 5                                    
                                           |  4 = 388                                  
                                           |                                           
                                           |                                           
(no matching instance)                     |Instance: gemm_sh_sw:sh1/sky130_fd_pr__nfe 
                                           |  (1,3) = (26,2)                           
                                           |  2 = 5                                    
                                           |  4 = 388                                  
                                           |                                           
                                           |                                           
(no matching instance)                     |Instance: gemm_sh_sw:sh2/sky130_fd_pr__nfe 
                                           |  (1,3) = (26,2)                           
                                           |  2 = 5                                    
                                           |  4 = 388                                  
                                           |                                           
                                           |                                           
(no matching instance)                     |Instance: imc_crossbar:xbar/sky130_fd_pr__ 
                                           |  (1,3) = (388,5)                          
                                           |  2 = 7                                    
                                           |  4 = 388                                  
                                           |                                           
                                           |                                           
(no matching instance)                     |Instance: imc_crossbar:xbar/imc_crossbar_r 
                                           |  (1,3) = (388,4)                          
                                           |  2 = 7                                    
                                           |  4 = 388                                  
                                           |                                           
                                           |                                           
(no matching instance)                     |Instance: imc_crossbar:xbar/imc_crossbar_x 
                                           |  (1,3) = (388,3)                          
                                           |  2 = 3                                    
                                           |  4 = 388                                  
                                           |                                           
                                           |                                           
(no matching instance)                     |Instance: imc_crossbar:xbar/imc_crossbar_x 
                                           |  (1,3) = (26,2)                           
                                           |  2 = 3                                    
                                           |  4 = 388                                  
                                           |                                           
                                           |                                           
(no matching instance)                     |Instance: imc_crossbar:xbar/imc_crossbar_x 
                                           |  (1,3) = (388,3)                          
                                           |  2 = 3                                    
                                           |  4 = 388                                  
                                           |                                           
                                           |                                           
(no matching instance)                     |Instance: imc_crossbar:xbar/imc_crossbar_x 
                                           |  (1,3) = (26,2)                           
                                           |  2 = 3                                    
                                           |  4 = 388                                  
                                           |                                           
                                           |                                           
(no matching instance)                     |Instance: imc_crossbar:xbar/imc_crossbar_x 
                                           |  (1,3) = (388,3)                          
                                           |  2 = 3                                    
                                           |  4 = 388                                  
                                           |                                           
                                           |                                           
(no matching instance)                     |Instance: imc_crossbar:xbar/imc_crossbar_x 
                                           |  (1,3) = (26,2)                           
                                           |  2 = 3                                    
                                           |  4 = 388                                  
                                           |                                           
                                           |                                           
(no matching instance)                     |Instance: imc_crossbar:xbar/imc_crossbar_x 
                                           |  (1,3) = (388,3)                          
                                           |  2 = 3                                    
                                           |  4 = 388                                  
                                           |                                           
                                           |                                           
(no matching instance)                     |Instance: imc_crossbar:xbar/imc_crossbar_x 
                                           |  (1,3) = (26,2)                           
                                           |  2 = 3                                    
                                           |  4 = 388                                  
                                           |                                           
                                           |                                           
(no matching instance)                     |Instance: imc_crossbar:xbar/imc_crossbar_x 
                                           |  (1,3) = (388,3)                          
                                           |  2 = 3                                    
                                           |  4 = 388                                  
                                           |                                           
                                           |                                           
(no matching instance)                     |Instance: imc_crossbar:xbar/imc_crossbar_x 
                                           |  (1,3) = (26,2)                           
                                           |  2 = 3                                    
                                           |  4 = 388                                  
                                           |                                           
                                           |                                           
(no matching instance)                     |Instance: imc_crossbar:xbar/imc_crossbar_x 
                                           |  (1,3) = (388,3)                          
                                           |  2 = 3                                    
                                           |  4 = 388                                  
                                           |                                           
                                           |                                           
(no matching instance)                     |Instance: imc_crossbar:xbar/imc_crossbar_x 
                                           |  (1,3) = (26,2)                           
                                           |  2 = 3                                    
                                           |  4 = 388                                  
                                           |                                           
                                           |                                           
(no matching instance)                     |Instance: imc_crossbar:xbar/imc_crossbar_x 
                                           |  (1,3) = (388,3)                          
                                           |  2 = 3                                    
                                           |  4 = 388                                  
                                           |                                           
                                           |                                           
(no matching instance)                     |Instance: imc_crossbar:xbar/imc_crossbar_x 
                                           |  (1,3) = (26,2)                           
                                           |  2 = 3                                    
                                           |  4 = 388                                  
                                           |                                           
                                           |                                           
(no matching instance)                     |Instance: imc_crossbar:xbar/imc_crossbar_x 
                                           |  (1,3) = (388,3)                          
                                           |  2 = 3                                    
                                           |  4 = 388                                  
                                           |                                           
                                           |                                           
(no matching instance)                     |Instance: imc_crossbar:xbar/imc_crossbar_x 
                                           |  (1,3) = (26,2)                           
                                           |  2 = 3                                    
                                           |  4 = 388                                  
                                           |                                           
                                           |                                           
(no matching instance)                     |Instance: imc_crossbar:xbar/imc_crossbar_x 
                                           |  (1,3) = (388,3)                          
                                           |  2 = 3                                    
                                           |  4 = 388                                  
                                           |                                           
                                           |                                           
(no matching instance)                     |Instance: imc_crossbar:xbar/imc_crossbar_x 
                                           |  (1,3) = (26,2)                           
                                           |  2 = 3                                    
                                           |  4 = 388                                  
                                           |                                           
                                           |                                           
(no matching instance)                     |Instance: imc_crossbar:xbar/imc_crossbar_x 
                                           |  (1,3) = (388,3)                          
                                           |  2 = 3                                    
                                           |  4 = 388                                  
                                           |                                           
                                           |                                           
(no matching instance)                     |Instance: imc_crossbar:xbar/imc_crossbar_x 
                                           |  (1,3) = (26,2)                           
                                           |  2 = 3                                    
                                           |  4 = 388                                  
                                           |                                           
                                           |                                           
(no matching instance)                     |Instance: imc_crossbar:xbar/imc_crossbar_x 
                                           |  (1,3) = (388,3)                          
                                           |  2 = 3                                    
                                           |  4 = 388                                  
                                           |                                           
                                           |                                           
(no matching instance)                     |Instance: imc_crossbar:xbar/imc_crossbar_x 
                                           |  (1,3) = (26,2)                           
                                           |  2 = 3                                    
                                           |  4 = 388                                  
                                           |                                           
                                           |                                           
(no matching instance)                     |Instance: imc_crossbar:xbar/imc_crossbar_x 
                                           |  (1,3) = (388,3)                          
                                           |  2 = 3                                    
                                           |  4 = 388                                  
                                           |                                           
                                           |                                           
(no matching instance)                     |Instance: imc_crossbar:xbar/imc_crossbar_x 
                                           |  (1,3) = (26,2)                           
                                           |  2 = 3                                    
                                           |  4 = 388                                  
                                           |                                           
                                           |                                           
(no matching instance)                     |Instance: imc_crossbar:xbar/imc_crossbar_r 
                                           |  (1,3) = (388,4)                          
                                           |  2 = 7                                    
                                           |  4 = 388                                  
                                           |                                           
                                           |                                           
(no matching instance)                     |Instance: imc_crossbar:xbar/imc_crossbar_x 
                                           |  (1,3) = (388,3)                          
                                           |  2 = 3                                    
                                           |  4 = 388                                  
                                           |                                           
                                           |                                           
(no matching instance)                     |Instance: imc_crossbar:xbar/imc_crossbar_x 
                                           |  (1,3) = (26,2)                           
                                           |  2 = 3                                    
                                           |  4 = 388                                  
                                           |                                           
                                           |                                           
(no matching instance)                     |Instance: imc_crossbar:xbar/imc_crossbar_x 
                                           |  (1,3) = (388,3)                          
                                           |  2 = 3                                    
                                           |  4 = 388                                  
                                           |                                           
                                           |                                           
(no matching instance)                     |Instance: imc_crossbar:xbar/imc_crossbar_x 
                                           |  (1,3) = (26,2)                           
                                           |  2 = 3                                    
                                           |  4 = 388                                  
                                           |                                           
                                           |                                           
(no matching instance)                     |Instance: imc_crossbar:xbar/imc_crossbar_x 
                                           |  (1,3) = (388,3)                          
                                           |  2 = 3                                    
                                           |  4 = 388                                  
                                           |                                           
                                           |                                           
(no matching instance)                     |Instance: imc_crossbar:xbar/imc_crossbar_x 
                                           |  (1,3) = (26,2)                           
                                           |  2 = 3                                    
                                           |  4 = 388                                  
                                           |                                           
                                           |                                           
(no matching instance)                     |Instance: imc_crossbar:xbar/imc_crossbar_x 
                                           |  (1,3) = (388,3)                          
                                           |  2 = 3                                    
                                           |  4 = 388                                  
                                           |                                           
                                           |                                           
(no matching instance)                     |Instance: imc_crossbar:xbar/imc_crossbar_x 
                                           |  (1,3) = (26,2)                           
                                           |  2 = 3                                    
                                           |  4 = 388                                  
                                           |                                           
                                           |                                           
(no matching instance)                     |Instance: imc_crossbar:xbar/imc_crossbar_x 
                                           |  (1,3) = (388,3)                          
                                           |  2 = 3                                    
                                           |  4 = 388                                  
                                           |                                           
                                           |                                           
(no matching instance)                     |Instance: imc_crossbar:xbar/imc_crossbar_x 
                                           |  (1,3) = (26,2)                           
                                           |  2 = 3                                    
                                           |  4 = 388                                  
                                           |                                           
                                           |                                           
(no matching instance)                     |Instance: imc_crossbar:xbar/imc_crossbar_x 
                                           |  (1,3) = (388,3)                          
                                           |  2 = 3                                    
                                           |  4 = 388                                  
                                           |                                           
                                           |                                           
(no matching instance)                     |Instance: imc_crossbar:xbar/imc_crossbar_x 
                                           |  (1,3) = (26,2)                           
                                           |  2 = 3                                    
                                           |  4 = 388                                  
                                           |                                           
                                           |                                           
(no matching instance)                     |Instance: imc_crossbar:xbar/imc_crossbar_x 
                                           |  (1,3) = (388,3)                          
                                           |  2 = 3                                    
                                           |  4 = 388                                  
                                           |                                           
                                           |                                           
(no matching instance)                     |Instance: imc_crossbar:xbar/imc_crossbar_x 
                                           |  (1,3) = (26,2)                           
                                           |  2 = 3                                    
                                           |  4 = 388                                  
                                           |                                           
                                           |                                           
(no matching instance)                     |Instance: imc_crossbar:xbar/imc_crossbar_x 
                                           |  (1,3) = (388,3)                          
                                           |  2 = 3                                    
                                           |  4 = 388                                  
                                           |                                           
                                           |                                           
(no matching instance)                     |Instance: imc_crossbar:xbar/imc_crossbar_x 
                                           |  (1,3) = (26,2)                           
                                           |  2 = 3                                    
                                           |  4 = 388                                  
                                           |                                           
                                           |                                           
(no matching instance)                     |Instance: imc_crossbar:xbar/imc_crossbar_x 
                                           |  (1,3) = (388,3)                          
                                           |  2 = 3                                    
                                           |  4 = 388                                  
                                           |                                           
                                           |                                           
(no matching instance)                     |Instance: imc_crossbar:xbar/imc_crossbar_x 
                                           |  (1,3) = (26,2)                           
                                           |  2 = 3                                    
                                           |  4 = 388                                  
                                           |                                           
                                           |                                           
(no matching instance)                     |Instance: imc_crossbar:xbar/imc_crossbar_x 
                                           |  (1,3) = (388,3)                          
                                           |  2 = 3                                    
                                           |  4 = 388                                  
                                           |                                           
                                           |                                           
(no matching instance)                     |Instance: imc_crossbar:xbar/imc_crossbar_x 
                                           |  (1,3) = (26,2)                           
                                           |  2 = 3                                    
                                           |  4 = 388                                  
                                           |                                           
                                           |                                           
(no matching instance)                     |Instance: imc_crossbar:xbar/imc_crossbar_x 
                                           |  (1,3) = (388,3)                          
                                           |  2 = 3                                    
                                           |  4 = 388                                  
                                           |                                           
                                           |                                           
(no matching instance)                     |Instance: imc_crossbar:xbar/imc_crossbar_x 
                                           |  (1,3) = (26,2)                           
                                           |  2 = 3                                    
                                           |  4 = 388                                  
                                           |                                           
                                           |                                           
(no matching instance)                     |Instance: imc_crossbar:xbar/imc_crossbar_x 
                                           |  (1,3) = (388,3)                          
                                           |  2 = 3                                    
                                           |  4 = 388                                  
                                           |                                           
                                           |                                           
(no matching instance)                     |Instance: imc_crossbar:xbar/imc_crossbar_x 
                                           |  (1,3) = (26,2)                           
                                           |  2 = 3                                    
                                           |  4 = 388                                  
                                           |                                           
                                           |                                           
(no matching instance)                     |Instance: imc_crossbar:xbar/imc_crossbar_r 
                                           |  (1,3) = (388,4)                          
                                           |  2 = 7                                    
                                           |  4 = 388                                  
                                           |                                           
                                           |                                           
(no matching instance)                     |Instance: imc_crossbar:xbar/imc_crossbar_x 
                                           |  (1,3) = (388,3)                          
                                           |  2 = 3                                    
                                           |  4 = 388                                  
                                           |                                           
                                           |                                           
(no matching instance)                     |Instance: imc_crossbar:xbar/imc_crossbar_x 
                                           |  (1,3) = (26,2)                           
                                           |  2 = 3                                    
                                           |  4 = 388                                  
                                           |                                           
                                           |                                           
(no matching instance)                     |Instance: imc_crossbar:xbar/imc_crossbar_x 
                                           |  (1,3) = (388,3)                          
                                           |  2 = 3                                    
                                           |  4 = 388                                  
                                           |                                           
                                           |                                           
(no matching instance)                     |Instance: imc_crossbar:xbar/imc_crossbar_x 
                                           |  (1,3) = (26,2)                           
                                           |  2 = 3                                    
                                           |  4 = 388                                  
                                           |                                           
                                           |                                           
(no matching instance)                     |Instance: imc_crossbar:xbar/imc_crossbar_x 
                                           |  (1,3) = (388,3)                          
                                           |  2 = 3                                    
                                           |  4 = 388                                  
                                           |                                           
                                           |                                           
(no matching instance)                     |Instance: imc_crossbar:xbar/imc_crossbar_x 
                                           |  (1,3) = (26,2)                           
                                           |  2 = 3                                    
                                           |  4 = 388                                  
                                           |                                           
                                           |                                           
(no matching instance)                     |Instance: imc_crossbar:xbar/imc_crossbar_x 
                                           |  (1,3) = (388,3)                          
                                           |  2 = 3                                    
                                           |  4 = 388                                  
                                           |                                           
                                           |                                           
(no matching instance)                     |Instance: imc_crossbar:xbar/imc_crossbar_x 
                                           |  (1,3) = (26,2)                           
                                           |  2 = 3                                    
                                           |  4 = 388                                  
                                           |                                           
                                           |                                           
(no matching instance)                     |Instance: imc_crossbar:xbar/imc_crossbar_x 
                                           |  (1,3) = (388,3)                          
                                           |  2 = 3                                    
                                           |  4 = 388                                  
                                           |                                           
                                           |                                           
(no matching instance)                     |Instance: imc_crossbar:xbar/imc_crossbar_x 
                                           |  (1,3) = (26,2)                           
                                           |  2 = 3                                    
                                           |  4 = 388                                  
                                           |                                           
                                           |                                           
(no matching instance)                     |Instance: imc_crossbar:xbar/imc_crossbar_x 
                                           |  (1,3) = (388,3)                          
                                           |  2 = 3                                    
                                           |  4 = 388                                  
                                           |                                           
                                           |                                           
(no matching instance)                     |Instance: imc_crossbar:xbar/imc_crossbar_x 
                                           |  (1,3) = (26,2)                           
                                           |  2 = 3                                    
                                           |  4 = 388                                  
                                           |                                           
                                           |                                           
(no matching instance)                     |Instance: imc_crossbar:xbar/imc_crossbar_x 
                                           |  (1,3) = (388,3)                          
                                           |  2 = 3                                    
                                           |  4 = 388                                  
                                           |                                           
                                           |                                           
(no matching instance)                     |Instance: imc_crossbar:xbar/imc_crossbar_x 
                                           |  (1,3) = (26,2)                           
                                           |  2 = 3                                    
                                           |  4 = 388                                  
                                           |                                           
                                           |                                           
(no matching instance)                     |Instance: imc_crossbar:xbar/imc_crossbar_x 
                                           |  (1,3) = (388,3)                          
                                           |  2 = 3                                    
                                           |  4 = 388                                  
                                           |                                           
                                           |                                           
(no matching instance)                     |Instance: imc_crossbar:xbar/imc_crossbar_x 
                                           |  (1,3) = (26,2)                           
                                           |  2 = 3                                    
                                           |  4 = 388                                  
                                           |                                           
                                           |                                           
(no matching instance)                     |Instance: imc_crossbar:xbar/imc_crossbar_x 
                                           |  (1,3) = (388,3)                          
                                           |  2 = 3                                    
                                           |  4 = 388                                  
                                           |                                           
                                           |                                           
(no matching instance)                     |Instance: imc_crossbar:xbar/imc_crossbar_x 
                                           |  (1,3) = (26,2)                           
                                           |  2 = 3                                    
                                           |  4 = 388                                  
                                           |                                           
                                           |                                           
(no matching instance)                     |Instance: imc_crossbar:xbar/imc_crossbar_x 
                                           |  (1,3) = (388,3)                          
                                           |  2 = 3                                    
                                           |  4 = 388                                  
                                           |                                           
                                           |                                           
(no matching instance)                     |Instance: imc_crossbar:xbar/imc_crossbar_x 
                                           |  (1,3) = (26,2)                           
                                           |  2 = 3                                    
                                           |  4 = 388                                  
                                           |                                           
                                           |                                           
(no matching instance)                     |Instance: imc_crossbar:xbar/imc_crossbar_x 
                                           |  (1,3) = (388,3)                          
                                           |  2 = 3                                    
                                           |  4 = 388                                  
                                           |                                           
                                           |                                           
(no matching instance)                     |Instance: imc_crossbar:xbar/imc_crossbar_x 
                                           |  (1,3) = (26,2)                           
                                           |  2 = 3                                    
                                           |  4 = 388                                  
                                           |                                           
                                           |                                           
(no matching instance)                     |Instance: imc_crossbar:xbar/imc_crossbar_x 
                                           |  (1,3) = (388,3)                          
                                           |  2 = 3                                    
                                           |  4 = 388                                  
                                           |                                           
                                           |                                           
(no matching instance)                     |Instance: imc_crossbar:xbar/imc_crossbar_x 
                                           |  (1,3) = (26,2)                           
                                           |  2 = 3                                    
                                           |  4 = 388                                  
                                           |                                           
                                           |                                           
(no matching instance)                     |Instance: interleaved_adc:adc/iadc_mux_sw: 
                                           |  (1,3) = (5,4)                            
                                           |  2 = 1                                    
                                           |  4 = 388                                  
                                           |                                           
                                           |                                           
(no matching instance)                     |Instance: interleaved_adc:adc/iadc_mux_sw: 
                                           |  (1,3) = (5,4)                            
                                           |  2 = 1                                    
                                           |  4 = 388                                  
                                           |                                           
                                           |                                           
(no matching instance)                     |Instance: interleaved_adc:adc/sky130_fd_pr 
                                           |  (1,3) = (388,3)                          
                                           |  2 = 8                                    
                                           |  4 = 388                                  
                                           |                                           
                                           |                                           
(no matching instance)                     |Instance: interleaved_adc:adc/sky130_fd_pr 
                                           |  (1,3) = (3,2)                            
                                           |  2 = 5                                    
                                           |  4 = 388                                  
                                           |                                           
                                           |                                           
(no matching instance)                     |Instance: interleaved_adc:adc/sky130_fd_pr 
                                           |  (1,3) = (3,2)                            
                                           |  2 = 1                                    
                                           |  4 = 388                                  
                                           |                                           
                                           |                                           
(no matching instance)                     |Instance: interleaved_adc:adc/sky130_fd_pr 
                                           |  (1,3) = (5,2)                            
                                           |  2 = 5                                    
                                           |  4 = 388                                  
                                           |                                           
                                           |                                           
(no matching instance)                     |Instance: interleaved_adc:adc/sky130_fd_pr 
                                           |  (1,3) = (5,2)                            
                                           |  2 = 5                                    
                                           |  4 = 388                                  
                                           |                                           
                                           |                                           
(no matching instance)                     |Instance: interleaved_adc:adc/iadc_cdac:u0 
                                           |  (1,3) = (388,3)                          
                                           |  2 = 3                                    
                                           |  4 = 388                                  
                                           |                                           
                                           |                                           
(no matching instance)                     |Instance: interleaved_adc:adc/iadc_cdac:u0 
                                           |  (1,3) = (40,2)                           
                                           |  2 = 3                                    
                                           |  4 = 388                                  
                                           |                                           
                                           |                                           
(no matching instance)                     |Instance: interleaved_adc:adc/iadc_cdac:u0 
                                           |  (1,3) = (388,3)                          
                                           |  2 = 3                                    
                                           |  4 = 388                                  
                                           |                                           
                                           |                                           
(no matching instance)                     |Instance: interleaved_adc:adc/iadc_cdac:u0 
                                           |  (1,3) = (40,2)                           
                                           |  2 = 3                                    
                                           |  4 = 388                                  
                                           |                                           
                                           |                                           
(no matching instance)                     |Instance: interleaved_adc:adc/iadc_cdac:u0 
                                           |  (1,3) = (388,3)                          
                                           |  2 = 3                                    
                                           |  4 = 388                                  
                                           |                                           
                                           |                                           
(no matching instance)                     |Instance: interleaved_adc:adc/iadc_cdac:u0 
                                           |  (1,3) = (40,2)                           
                                           |  2 = 3                                    
                                           |  4 = 388                                  
                                           |                                           
                                           |                                           
(no matching instance)                     |Instance: interleaved_adc:adc/iadc_cdac:u0 
                                           |  (1,3) = (388,3)                          
                                           |  2 = 3                                    
                                           |  4 = 388                                  
                                           |                                           
                                           |                                           
(no matching instance)                     |Instance: interleaved_adc:adc/iadc_cdac:u0 
                                           |  (1,3) = (40,2)                           
                                           |  2 = 3                                    
                                           |  4 = 388                                  
                                           |                                           
                                           |                                           
(no matching instance)                     |Instance: interleaved_adc:adc/iadc_sar_inv 
                                           |  (1,3) = (388,4)                          
                                           |  2 = 2                                    
                                           |  4 = 388                                  
                                           |                                           
                                           |                                           
(no matching instance)                     |Instance: interleaved_adc:adc/iadc_sar_inv 
                                           |  (1,3) = (388,2)                          
                                           |  2 = 4                                    
                                           |  4 = 388                                  
                                           |                                           
                                           |                                           
(no matching instance)                     |Instance: interleaved_adc:adc/iadc_sar_inv 
                                           |  (1,3) = (388,4)                          
                                           |  2 = 2                                    
                                           |  4 = 388                                  
                                           |                                           
                                           |                                           
(no matching instance)                     |Instance: interleaved_adc:adc/iadc_sar_inv 
                                           |  (1,3) = (388,2)                          
                                           |  2 = 4                                    
                                           |  4 = 388                                  
                                           |                                           
                                           |                                           
(no matching instance)                     |Instance: interleaved_adc:adc/iadc_sar_inv 
                                           |  (1,3) = (388,4)                          
                                           |  2 = 2                                    
                                           |  4 = 388                                  
                                           |                                           
                                           |                                           
(no matching instance)                     |Instance: interleaved_adc:adc/iadc_sar_inv 
                                           |  (1,3) = (388,2)                          
                                           |  2 = 4                                    
                                           |  4 = 388                                  
                                           |                                           
                                           |                                           
(no matching instance)                     |Instance: interleaved_adc:adc/iadc_sar_inv 
                                           |  (1,3) = (388,4)                          
                                           |  2 = 2                                    
                                           |  4 = 388                                  
                                           |                                           
                                           |                                           
(no matching instance)                     |Instance: interleaved_adc:adc/iadc_sar_inv 
                                           |  (1,3) = (388,2)                          
                                           |  2 = 4                                    
                                           |  4 = 388                                  
                                           |                                           
                                           |                                           
(no matching instance)                     |Instance: interleaved_adc:adc/iadc_sar_inv 
                                           |  (1,3) = (388,4)                          
                                           |  2 = 2                                    
                                           |  4 = 388                                  
                                           |                                           
                                           |                                           
(no matching instance)                     |Instance: interleaved_adc:adc/iadc_sar_inv 
                                           |  (1,3) = (388,2)                          
                                           |  2 = 4                                    
                                           |  4 = 388                                  
                                           |                                           
                                           |                                           
(no matching instance)                     |Instance: interleaved_adc:adc/iadc_sar_inv 
                                           |  (1,3) = (388,4)                          
                                           |  2 = 2                                    
                                           |  4 = 388                                  
                                           |                                           
                                           |                                           
(no matching instance)                     |Instance: interleaved_adc:adc/iadc_sar_inv 
                                           |  (1,3) = (388,2)                          
                                           |  2 = 4                                    
                                           |  4 = 388                                  
                                           |                                           
                                           |                                           
(no matching instance)                     |Instance: interleaved_adc:adc/iadc_sar_inv 
                                           |  (1,3) = (388,4)                          
                                           |  2 = 2                                    
                                           |  4 = 388                                  
                                           |                                           
                                           |                                           
(no matching instance)                     |Instance: interleaved_adc:adc/iadc_sar_inv 
                                           |  (1,3) = (388,2)                          
                                           |  2 = 4                                    
                                           |  4 = 388                                  
                                           |                                           
                                           |                                           
(no matching instance)                     |Instance: interleaved_adc:adc/iadc_sar_inv 
                                           |  (1,3) = (388,4)                          
                                           |  2 = 2                                    
                                           |  4 = 388                                  
                                           |                                           
                                           |                                           
(no matching instance)                     |Instance: interleaved_adc:adc/iadc_sar_inv 
                                           |  (1,3) = (388,2)                          
                                           |  2 = 4                                    
                                           |  4 = 388                                  
                                           |                                           
                                           |                                           
(no matching instance)                     |Instance: interleaved_adc:adc/iadc_mux_sw: 
                                           |  (1,3) = (4,3)                            
                                           |  2 = 1                                    
                                           |  4 = 388                                  
                                           |                                           
                                           |                                           
(no matching instance)                     |Instance: interleaved_adc:adc/sky130_fd_pr 
                                           |  (1,3) = (388,3)                          
                                           |  2 = 8                                    
                                           |  4 = 388                                  
                                           |                                           
                                           |                                           
(no matching instance)                     |Instance: interleaved_adc:adc/sky130_fd_pr 
                                           |  (1,3) = (3,2)                            
                                           |  2 = 3                                    
                                           |  4 = 388                                  
                                           |                                           
                                           |                                           
(no matching instance)                     |Instance: interleaved_adc:adc/sky130_fd_pr 
                                           |  (1,3) = (3,2)                            
                                           |  2 = 1                                    
                                           |  4 = 388                                  
                                           |                                           
                                           |                                           
(no matching instance)                     |Instance: interleaved_adc:adc/sky130_fd_pr 
                                           |  (1,3) = (5,2)                            
                                           |  2 = 5                                    
                                           |  4 = 388                                  
                                           |                                           
                                           |                                           
(no matching instance)                     |Instance: interleaved_adc:adc/sky130_fd_pr 
                                           |  (1,3) = (5,2)                            
                                           |  2 = 5                                    
                                           |  4 = 388                                  
                                           |                                           
                                           |                                           
(no matching instance)                     |Instance: interleaved_adc:adc/iadc_cdac:u1 
                                           |  (1,3) = (388,3)                          
                                           |  2 = 3                                    
                                           |  4 = 388                                  
                                           |                                           
                                           |                                           
(no matching instance)                     |Instance: interleaved_adc:adc/iadc_cdac:u1 
                                           |  (1,3) = (40,2)                           
                                           |  2 = 3                                    
                                           |  4 = 388                                  
                                           |                                           
                                           |                                           
(no matching instance)                     |Instance: interleaved_adc:adc/iadc_cdac:u1 
                                           |  (1,3) = (388,3)                          
                                           |  2 = 3                                    
                                           |  4 = 388                                  
                                           |                                           
                                           |                                           
(no matching instance)                     |Instance: interleaved_adc:adc/iadc_cdac:u1 
                                           |  (1,3) = (40,2)                           
                                           |  2 = 3                                    
                                           |  4 = 388                                  
                                           |                                           
                                           |                                           
(no matching instance)                     |Instance: interleaved_adc:adc/iadc_cdac:u1 
                                           |  (1,3) = (388,3)                          
                                           |  2 = 3                                    
                                           |  4 = 388                                  
                                           |                                           
                                           |                                           
(no matching instance)                     |Instance: interleaved_adc:adc/iadc_cdac:u1 
                                           |  (1,3) = (40,2)                           
                                           |  2 = 3                                    
                                           |  4 = 388                                  
                                           |                                           
                                           |                                           
(no matching instance)                     |Instance: interleaved_adc:adc/iadc_cdac:u1 
                                           |  (1,3) = (388,3)                          
                                           |  2 = 3                                    
                                           |  4 = 388                                  
                                           |                                           
                                           |                                           
(no matching instance)                     |Instance: interleaved_adc:adc/iadc_cdac:u1 
                                           |  (1,3) = (40,2)                           
                                           |  2 = 3                                    
                                           |  4 = 388                                  
                                           |                                           
                                           |                                           
(no matching instance)                     |Instance: interleaved_adc:adc/iadc_sar_inv 
                                           |  (1,3) = (388,4)                          
                                           |  2 = 2                                    
                                           |  4 = 388                                  
                                           |                                           
                                           |                                           
(no matching instance)                     |Instance: interleaved_adc:adc/iadc_sar_inv 
                                           |  (1,3) = (388,4)                          
                                           |  2 = 4                                    
                                           |  4 = 388                                  
                                           |                                           
                                           |                                           
(no matching instance)                     |Instance: interleaved_adc:adc/iadc_sar_inv 
                                           |  (1,3) = (388,4)                          
                                           |  2 = 2                                    
                                           |  4 = 388                                  
                                           |                                           
                                           |                                           
(no matching instance)                     |Instance: interleaved_adc:adc/iadc_sar_inv 
                                           |  (1,3) = (388,4)                          
                                           |  2 = 4                                    
                                           |  4 = 388                                  
                                           |                                           
                                           |                                           
(no matching instance)                     |Instance: interleaved_adc:adc/iadc_sar_inv 
                                           |  (1,3) = (388,4)                          
                                           |  2 = 2                                    
                                           |  4 = 388                                  
                                           |                                           
                                           |                                           
(no matching instance)                     |Instance: interleaved_adc:adc/iadc_sar_inv 
                                           |  (1,3) = (388,4)                          
                                           |  2 = 4                                    
                                           |  4 = 388                                  
                                           |                                           
                                           |                                           
(no matching instance)                     |Instance: interleaved_adc:adc/iadc_sar_inv 
                                           |  (1,3) = (388,4)                          
                                           |  2 = 2                                    
                                           |  4 = 388                                  
                                           |                                           
                                           |                                           
(no matching instance)                     |Instance: interleaved_adc:adc/iadc_sar_inv 
                                           |  (1,3) = (388,4)                          
                                           |  2 = 4                                    
                                           |  4 = 388                                  
                                           |                                           
                                           |                                           
(no matching instance)                     |Instance: interleaved_adc:adc/iadc_sar_inv 
                                           |  (1,3) = (388,4)                          
                                           |  2 = 2                                    
                                           |  4 = 388                                  
                                           |                                           
                                           |                                           
(no matching instance)                     |Instance: interleaved_adc:adc/iadc_sar_inv 
                                           |  (1,3) = (388,4)                          
                                           |  2 = 4                                    
                                           |  4 = 388                                  
                                           |                                           
                                           |                                           
(no matching instance)                     |Instance: interleaved_adc:adc/iadc_sar_inv 
                                           |  (1,3) = (388,4)                          
                                           |  2 = 2                                    
                                           |  4 = 388                                  
                                           |                                           
                                           |                                           
(no matching instance)                     |Instance: interleaved_adc:adc/iadc_sar_inv 
                                           |  (1,3) = (388,4)                          
                                           |  2 = 4                                    
                                           |  4 = 388                                  
                                           |                                           
                                           |                                           
(no matching instance)                     |Instance: interleaved_adc:adc/iadc_sar_inv 
                                           |  (1,3) = (388,4)                          
                                           |  2 = 2                                    
                                           |  4 = 388                                  
                                           |                                           
                                           |                                           
(no matching instance)                     |Instance: interleaved_adc:adc/iadc_sar_inv 
                                           |  (1,3) = (388,4)                          
                                           |  2 = 4                                    
                                           |  4 = 388                                  
                                           |                                           
                                           |                                           
(no matching instance)                     |Instance: interleaved_adc:adc/iadc_sar_inv 
                                           |  (1,3) = (388,4)                          
                                           |  2 = 2                                    
                                           |  4 = 388                                  
                                           |                                           
                                           |                                           
(no matching instance)                     |Instance: interleaved_adc:adc/iadc_sar_inv 
                                           |  (1,3) = (388,4)                          
                                           |  2 = 4                                    
                                           |  4 = 388                                  
                                           |                                           
                                           |                                           
(no matching instance)                     |Instance: async_ctrl:async/sky130_fd_pr__n 
                                           |  (1,3) = (388,4)                          
                                           |  2 = 2                                    
                                           |  4 = 388                                  
                                           |                                           
                                           |                                           
(no matching instance)                     |Instance: async_ctrl:async/rst_delay:rst_d 
                                           |  (1,3) = (388,4)                          
                                           |  2 = 4                                    
                                           |  4 = 388                                  
                                           |                                           
                                           |                                           
(no matching instance)                     |Instance: async_ctrl:async/rst_delay:rst_d 
                                           |  (1,3) = (388,4)                          
                                           |  2 = 4                                    
                                           |  4 = 388                                  
                                           |                                           
                                           |                                           
(no matching instance)                     |Instance: async_ctrl:async/rst_delay:rst_d 
                                           |  (1,3) = (388,4)                          
                                           |  2 = 4                                    
                                           |  4 = 388                                  
                                           |                                           
                                           |                                           
(no matching instance)                     |Instance: async_ctrl:async/rst_delay:rst_d 
                                           |  (1,3) = (388,4)                          
                                           |  2 = 4                                    
                                           |  4 = 388                                  
                                           |                                           
                                           |                                           
(no matching instance)                     |Instance: async_ctrl:async/rst_delay:rst_d 
                                           |  (1,3) = (388,4)                          
                                           |  2 = 4                                    
                                           |  4 = 388                                  
                                           |                                           
                                           |                                           
(no matching instance)                     |Instance: async_ctrl:async/rst_delay:rst_d 
                                           |  (1,3) = (388,4)                          
                                           |  2 = 4                                    
                                           |  4 = 388                                  
                                           |                                           
                                           |                                           
(no matching instance)                     |Instance: async_ctrl:async/rst_delay:rst_d 
                                           |  (1,3) = (388,4)                          
                                           |  2 = 4                                    
                                           |  4 = 388                                  
                                           |                                           
                                           |                                           
(no matching instance)                     |Instance: async_ctrl:async/rst_delay:rst_d 
                                           |  (1,3) = (388,4)                          
                                           |  2 = 4                                    
                                           |  4 = 388                                  
                                           |                                           
                                           |                                           
(no matching instance)                     |Instance: async_ctrl:async/rst_delay:rst_d 
                                           |  (1,3) = (388,4)                          
                                           |  2 = 4                                    
                                           |  4 = 388                                  
                                           |                                           
                                           |                                           
(no matching instance)                     |Instance: async_ctrl:async/sky130_fd_pr__n 
                                           |  (1,3) = (388,7)                          
                                           |  2 = 5                                    
                                           |  4 = 388                                  
                                           |                                           
                                           |                                           
(no matching instance)                     |Instance: async_ctrl:async/settle_delay:se 
                                           |  (1,3) = (388,4)                          
                                           |  2 = 4                                    
                                           |  4 = 388                                  
                                           |                                           
                                           |                                           
(no matching instance)                     |Instance: async_ctrl:async/settle_delay:se 
                                           |  (1,3) = (388,4)                          
                                           |  2 = 4                                    
                                           |  4 = 388                                  
                                           |                                           
                                           |                                           
(no matching instance)                     |Instance: async_ctrl:async/settle_delay:se 
                                           |  (1,3) = (388,4)                          
                                           |  2 = 4                                    
                                           |  4 = 388                                  
                                           |                                           
                                           |                                           
(no matching instance)                     |Instance: async_ctrl:async/settle_delay:se 
                                           |  (1,3) = (388,4)                          
                                           |  2 = 4                                    
                                           |  4 = 388                                  
                                           |                                           
                                           |                                           
(no matching instance)                     |Instance: async_ctrl:async/settle_delay:se 
                                           |  (1,3) = (388,4)                          
                                           |  2 = 4                                    
                                           |  4 = 388                                  
                                           |                                           
                                           |                                           
(no matching instance)                     |Instance: async_ctrl:async/settle_delay:se 
                                           |  (1,3) = (388,4)                          
                                           |  2 = 4                                    
                                           |  4 = 388                                  
                                           |                                           
                                           |                                           
(no matching instance)                     |Instance: async_ctrl:async/settle_delay:se 
                                           |  (1,3) = (388,4)                          
                                           |  2 = 4                                    
                                           |  4 = 388                                  
                                           |                                           
                                           |                                           
(no matching instance)                     |Instance: async_ctrl:async/settle_delay:se 
                                           |  (1,3) = (388,4)                          
                                           |  2 = 4                                    
                                           |  4 = 388                                  
                                           |                                           
                                           |                                           
(no matching instance)                     |Instance: async_ctrl:async/settle_delay:se 
                                           |  (1,3) = (388,4)                          
                                           |  2 = 4                                    
                                           |  4 = 388                                  
                                           |                                           
                                           |                                           
(no matching instance)                     |Instance: async_ctrl:async/settle_delay:se 
                                           |  (1,3) = (388,4)                          
                                           |  2 = 4                                    
                                           |  4 = 388                                  
                                           |                                           
                                           |                                           
(no matching instance)                     |Instance: async_ctrl:async/settle_delay:se 
                                           |  (1,3) = (388,4)                          
                                           |  2 = 4                                    
                                           |  4 = 388                                  
                                           |                                           
                                           |                                           
(no matching instance)                     |Instance: async_ctrl:async/settle_delay:se 
                                           |  (1,3) = (388,4)                          
                                           |  2 = 4                                    
                                           |  4 = 388                                  
                                           |                                           
                                           |                                           
(no matching instance)                     |Instance: async_ctrl:async/settle_delay:se 
                                           |  (1,3) = (388,4)                          
                                           |  2 = 4                                    
                                           |  4 = 388                                  
                                           |                                           
                                           |                                           
(no matching instance)                     |Instance: async_ctrl:async/settle_delay:se 
                                           |  (1,3) = (388,4)                          
                                           |  2 = 4                                    
                                           |  4 = 388                                  
                                           |                                           
                                           |                                           
(no matching instance)                     |Instance: async_ctrl:async/settle_delay:se 
                                           |  (1,3) = (388,4)                          
                                           |  2 = 4                                    
                                           |  4 = 388                                  
                                           |                                           
                                           |                                           
(no matching instance)                     |Instance: async_ctrl:async/settle_delay:se 
                                           |  (1,3) = (388,4)                          
                                           |  2 = 4                                    
                                           |  4 = 388                                  
                                           |                                           
                                           |                                           
(no matching instance)                     |Instance: async_ctrl:async/settle_delay:se 
                                           |  (1,3) = (388,4)                          
                                           |  2 = 4                                    
                                           |  4 = 388                                  
                                           |                                           
                                           |                                           
(no matching instance)                     |Instance: async_ctrl:async/settle_delay:se 
                                           |  (1,3) = (388,4)                          
                                           |  2 = 4                                    
                                           |  4 = 388                                  
                                           |                                           
                                           |                                           
(no matching instance)                     |Instance: async_ctrl:async/settle_delay:se 
                                           |  (1,3) = (388,4)                          
                                           |  2 = 4                                    
                                           |  4 = 388                                  
                                           |                                           
                                           |                                           
(no matching instance)                     |Instance: async_ctrl:async/settle_delay:se 
                                           |  (1,3) = (388,4)                          
                                           |  2 = 4                                    
                                           |  4 = 388                                  
                                           |                                           
                                           |                                           
(no matching instance)                     |Instance: async_ctrl:async/sky130_fd_pr__n 
                                           |  (1,3) = (388,4)                          
                                           |  2 = 4                                    
                                           |  4 = 388                                  
                                           |                                           
                                           |                                           
(no matching instance)                     |Instance: async_ctrl:async/sky130_fd_pr__n 
                                           |  (1,3) = (388,4)                          
                                           |  2 = 4                                    
                                           |  4 = 388                                  
                                           |                                           
                                           |                                           
(no matching instance)                     |Instance: async_ctrl:async/sky130_fd_pr__n 
                                           |  (1,3) = (388,4)                          
                                           |  2 = 4                                    
                                           |  4 = 388                                  
                                           |                                           
                                           |                                           
(no matching instance)                     |Instance: async_ctrl:async/sky130_fd_pr__n 
                                           |  (1,3) = (388,8)                          
                                           |  2 = 4                                    
                                           |  4 = 388                                  
                                           |                                           
                                           |                                           
(no matching instance)                     |Instance: async_ctrl:async/sky130_fd_pr__n 
                                           |  (1,3) = (388,4)                          
                                           |  2 = 2                                    
                                           |  4 = 388                                  
                                           |                                           
                                           |                                           
(no matching instance)                     |Instance: async_ctrl:async/sky130_fd_pr__n 
                                           |  (1,3) = (388,4)                          
                                           |  2 = 4                                    
                                           |  4 = 388                                  
                                           |                                           
                                           |                                           
(no matching instance)                     |Instance: async_ctrl:async/sky130_fd_pr__n 
                                           |  (1,3) = (388,4)                          
                                           |  2 = 4                                    
                                           |  4 = 388                                  
                                           |                                           
                                           |                                           
(no matching instance)                     |Instance: async_ctrl:async/sky130_fd_pr__n 
                                           |  (1,3) = (388,2)                          
                                           |  2 = 4                                    
                                           |  4 = 388                                  
                                           |                                           
                                           |                                           
(no matching instance)                     |Instance: async_ctrl:async/rst_delay:rst_d 
                                           |  (1,3) = (388,4)                          
                                           |  2 = 6                                    
                                           |  4 = 388                                  
                                           |                                           
                                           |                                           
(no matching instance)                     |Instance: async_ctrl:async/sky130_fd_pr__n 
                                           |  (1,3) = (388,4)                          
                                           |  2 = 6                                    
                                           |  4 = 388                                  
                                           |                                           
                                           |                                           
(no matching instance)                     |Instance: async_ctrl:async/sky130_fd_pr__n 
                                           |  (1,3) = (5,2)                            
                                           |  2 = 6                                    
                                           |  4 = 388                                  
                                           |                                           
                                           |                                           
(no matching instance)                     |Instance: async_ctrl:async/sky130_fd_pr__n 
                                           |  (1,3) = (388,2)                          
                                           |  2 = 6                                    
                                           |  4 = 388                                  
                                           |                                           
---------------------------------------------------------------------------------------
Netlists do not match.
Port matching may fail to disambiguate symmetries.

Subcircuit pins:
Circuit 1: gemm_tapeout_flat               |Circuit 2: gemm_tapeout                    
-------------------------------------------|-------------------------------------------
clk                                        |clk                                        
ena                                        |ena                                        
rst_n                                      |rst_n                                      
ui_in[0]                                   |ui_in[0]                                   
ui_in[1]                                   |ui_in[1]                                   
ui_in[2]                                   |ui_in[2]                                   
ui_in[3]                                   |ui_in[3]                                   
ui_in[4]                                   |ui_in[4]                                   
ui_in[5]                                   |ui_in[5]                                   
ui_in[6]                                   |ui_in[6]                                   
ui_in[7]                                   |ui_in[7]                                   
uio_in[0]                                  |uio_in[0]                                  
uio_in[1]                                  |uio_in[1]                                  
uio_in[2]                                  |uio_in[2]                                  
uio_in[3]                                  |uio_in[3]                                  
uio_in[4]                                  |uio_in[4]                                  
uio_in[5]                                  |uio_in[5]                                  
uio_in[6]                                  |uio_in[6]                                  
uio_in[7]                                  |uio_in[7]                                  
uo_out[0]                                  |uo_out[0]                                  
uo_out[1]                                  |uo_out[1]                                  
uo_out[2]                                  |uo_out[2]                                  
uo_out[3]                                  |uo_out[3]                                  
uo_out[4]                                  |uo_out[4]                                  
uo_out[5]                                  |uo_out[5]                                  
uo_out[6]                                  |uo_out[6]                                  
uo_out[7]                                  |uo_out[7]                                  
uio_out[0]                                 |uio_out[0]                                 
uio_out[1]                                 |uio_out[1]                                 
uio_out[2]                                 |uio_out[2]                                 
uio_out[3]                                 |uio_out[3]                                 
uio_out[4]                                 |uio_out[4]                                 
uio_out[5]                                 |uio_out[5]                                 
uio_out[6]                                 |uio_out[6]                                 
uio_out[7]                                 |uio_out[7]                                 
uio_oe[0]                                  |uio_oe[0]                                  
uio_oe[1]                                  |uio_oe[1]                                  
uio_oe[2]                                  |uio_oe[2]                                  
uio_oe[3]                                  |uio_oe[3]                                  
uio_oe[4]                                  |uio_oe[4]                                  
uio_oe[5]                                  |uio_oe[5]                                  
uio_oe[6]                                  |uio_oe[6]                                  
uio_oe[7]                                  |uio_oe[7]                                  
VPWR                                       |VPWR                                       
VGND                                       |VGND                                       
---------------------------------------------------------------------------------------
Cell pin lists are equivalent.
Device classes gemm_tapeout_flat and gemm_tapeout are equivalent.

Final result: Netlists do not match.
Port matching may fail to disambiguate symmetries.
