
Circuit 1 cell sky130_fd_pr__nfet_01v8 and Circuit 2 cell sky130_fd_pr__nfet_01v8 are black boxes.
Warning: Equate pins:  cell sky130_fd_pr__nfet_01v8 is a placeholder, treated as a black box.
Warning: Equate pins:  cell sky130_fd_pr__nfet_01v8 is a placeholder, treated as a black box.

Subcircuit pins:
Circuit 1: sky130_fd_pr__nfet_01v8         |Circuit 2: sky130_fd_pr__nfet_01v8         
-------------------------------------------|-------------------------------------------
1                                          |1                                          
2                                          |2                                          
3                                          |3                                          
4                                          |4                                          
---------------------------------------------------------------------------------------
Cell pin lists are equivalent.
Device classes sky130_fd_pr__nfet_01v8 and sky130_fd_pr__nfet_01v8 are equivalent.

Circuit 1 cell sky130_fd_pr__pfet_01v8 and Circuit 2 cell sky130_fd_pr__pfet_01v8 are black boxes.
Warning: Equate pins:  cell sky130_fd_pr__pfet_01v8 is a placeholder, treated as a black box.
Warning: Equate pins:  cell sky130_fd_pr__pfet_01v8 is a placeholder, treated as a black box.

Subcircuit pins:
Circuit 1: sky130_fd_pr__pfet_01v8         |Circuit 2: sky130_fd_pr__pfet_01v8         
-------------------------------------------|-------------------------------------------
1                                          |1                                          
2                                          |2                                          
3                                          |3                                          
4                                          |4                                          
---------------------------------------------------------------------------------------
Cell pin lists are equivalent.
Device classes sky130_fd_pr__pfet_01v8 and sky130_fd_pr__pfet_01v8 are equivalent.
Flattening unmatched subcell imc_crossbar_rst_sw in circuit imc_crossbar (1)(3 instances)
Flattening unmatched subcell imc_crossbar_xpt_cap in circuit imc_crossbar (1)(9 instances)
Flattening unmatched subcell imc_crossbar_xpt_cap_sw in circuit imc_crossbar (1)(36 instances)

Cell imc_crossbar_flat (0) disconnected node: vdd
Cell imc_crossbar_flat (0) disconnected node: vss
Cell imc_crossbar_flat (0) disconnected node: rst
Class imc_crossbar_flat (0):  Merged 177 parallel devices.
Cell imc_crossbar_flat (0) disconnected node: vdd
Cell imc_crossbar_flat (0) disconnected node: vss
Cell imc_crossbar_flat (0) disconnected node: rst
Subcircuit summary:
Circuit 1: imc_crossbar_flat               |Circuit 2: imc_crossbar                    
-------------------------------------------|-------------------------------------------
sky130_fd_pr__nfet_01v8 (76->5)            |sky130_fd_pr__nfet_01v8 (76) **Mismatch**  
sky130_fd_pr__pfet_01v8 (76->5)            |sky130_fd_pr__pfet_01v8 (76) **Mismatch**  
sky130_fd_pr__cap_mim_m3_1 (39->4)         |(no matching element)                      
Number of devices: 14 **Mismatch**         |Number of devices: 152 **Mismatch**        
Number of nets: 37 **Mismatch**            |Number of nets: 118 **Mismatch**           
---------------------------------------------------------------------------------------
NET mismatches: Class fragments follow (with fanout counts):
Circuit 1: imc_crossbar_flat               |Circuit 2: imc_crossbar                    

---------------------------------------------------------------------------------------
Net: a_34203_19457#                        |Net: wb_000                                
  sky130_fd_pr__nfet_01v8/(1|3) = 1        |  sky130_fd_pr__nfet_01v8/2 = 2            
                                           |  sky130_fd_pr__pfet_01v8/2 = 1            
                                           |                                           
Net: a_34067_19457#                        |Net: wb_001                                
  sky130_fd_pr__nfet_01v8/(1|3) = 1        |  sky130_fd_pr__nfet_01v8/2 = 2            
                                           |  sky130_fd_pr__pfet_01v8/2 = 1            
                                           |                                           
Net: a_n585_n800#                          |Net: wb_002                                
  sky130_fd_pr__nfet_01v8/(1|3) = 1        |  sky130_fd_pr__nfet_01v8/2 = 2            
                                           |  sky130_fd_pr__pfet_01v8/2 = 1            
                                           |                                           
Net: a_n721_n800#                          |Net: wb_003                                
  sky130_fd_pr__nfet_01v8/(1|3) = 1        |  sky130_fd_pr__nfet_01v8/2 = 2            
                                           |  sky130_fd_pr__pfet_01v8/2 = 1            
                                           |                                           
Net: a_21351_7133#                         |Net: wb_100                                
  sky130_fd_pr__nfet_01v8/(1|3) = 1        |  sky130_fd_pr__nfet_01v8/2 = 2            
                                           |  sky130_fd_pr__pfet_01v8/2 = 1            
                                           |                                           
Net: a_21215_7133#                         |Net: wb_101                                
  sky130_fd_pr__nfet_01v8/(1|3) = 1        |  sky130_fd_pr__nfet_01v8/2 = 2            
                                           |  sky130_fd_pr__pfet_01v8/2 = 1            
                                           |                                           
Net: a_495_13295#                          |Net: wb_102                                
  sky130_fd_pr__nfet_01v8/(1|3) = 1        |  sky130_fd_pr__nfet_01v8/2 = 2            
                                           |  sky130_fd_pr__pfet_01v8/2 = 1            
                                           |                                           
Net: a_359_13295#                          |Net: wb_103                                
  sky130_fd_pr__nfet_01v8/(1|3) = 1        |  sky130_fd_pr__nfet_01v8/2 = 2            
                                           |  sky130_fd_pr__pfet_01v8/2 = 1            
                                           |                                           
Net: a_39617_n719#                         |Net: wb_200                                
  sky130_fd_pr__nfet_01v8/(1|3) = 1        |  sky130_fd_pr__nfet_01v8/2 = 2            
                                           |  sky130_fd_pr__pfet_01v8/2 = 1            
                                           |                                           
Net: a_39481_n719#                         |Net: wb_201                                
  sky130_fd_pr__nfet_01v8/(1|3) = 1        |  sky130_fd_pr__nfet_01v8/2 = 2            
                                           |  sky130_fd_pr__pfet_01v8/2 = 1            
                                           |                                           
Net: a_7617_n156#                          |Net: wb_202                                
  sky130_fd_pr__pfet_01v8/(1|3) = 1        |  sky130_fd_pr__nfet_01v8/2 = 2            
                                           |  sky130_fd_pr__pfet_01v8/2 = 1            
                                           |                                           
Net: a_7481_n156#                          |Net: wb_203                                
  sky130_fd_pr__pfet_01v8/(1|3) = 1        |  sky130_fd_pr__nfet_01v8/2 = 2            
                                           |  sky130_fd_pr__pfet_01v8/2 = 1            
                                           |                                           
Net: a_11379_7642#                         |Net: wb_010                                
  sky130_fd_pr__pfet_01v8/(1|3) = 1        |  sky130_fd_pr__nfet_01v8/2 = 2            
                                           |  sky130_fd_pr__pfet_01v8/2 = 1            
                                           |                                           
Net: a_11243_7642#                         |Net: wb_011                                
  sky130_fd_pr__pfet_01v8/(1|3) = 1        |  sky130_fd_pr__nfet_01v8/2 = 2            
                                           |  sky130_fd_pr__pfet_01v8/2 = 1            
                                           |                                           
Net: a_11379_19966#                        |Net: wb_012                                
  sky130_fd_pr__pfet_01v8/(1|3) = 1        |  sky130_fd_pr__nfet_01v8/2 = 2            
                                           |  sky130_fd_pr__pfet_01v8/2 = 1            
                                           |                                           
Net: a_11243_19966#                        |Net: wb_013                                
  sky130_fd_pr__pfet_01v8/(1|3) = 1        |  sky130_fd_pr__nfet_01v8/2 = 2            
                                           |  sky130_fd_pr__pfet_01v8/2 = 1            
                                           |                                           
Net: a_n585_n586#                          |Net: wb_110                                
  sky130_fd_pr__pfet_01v8/(1|3) = 1        |  sky130_fd_pr__nfet_01v8/2 = 2            
                                           |  sky130_fd_pr__pfet_01v8/2 = 1            
                                           |                                           
Net: a_n721_n616#                          |Net: wb_111                                
  sky130_fd_pr__pfet_01v8/(1|3) = 1        |  sky130_fd_pr__nfet_01v8/2 = 2            
                                           |  sky130_fd_pr__pfet_01v8/2 = 1            
                                           |                                           
Net: a_16495_13804#                        |Net: wb_112                                
  sky130_fd_pr__pfet_01v8/(1|3) = 1        |  sky130_fd_pr__nfet_01v8/2 = 2            
                                           |  sky130_fd_pr__pfet_01v8/2 = 1            
                                           |                                           
Net: a_16359_13804#                        |Net: wb_113                                
  sky130_fd_pr__pfet_01v8/(1|3) = 1        |  sky130_fd_pr__nfet_01v8/2 = 2            
                                           |  sky130_fd_pr__pfet_01v8/2 = 1            
                                           |                                           
Net: a_7569_1308#                          |Net: wb_210                                
  sky130_fd_pr__pfet_01v8/2 = 1            |  sky130_fd_pr__nfet_01v8/2 = 2            
                                           |  sky130_fd_pr__pfet_01v8/2 = 1            
                                           |                                           
Net: w_7405_n282#                          |Net: wb_211                                
  sky130_fd_pr__pfet_01v8/4 = 1            |  sky130_fd_pr__nfet_01v8/2 = 2            
                                           |  sky130_fd_pr__pfet_01v8/2 = 1            
                                           |                                           
Net: w_11167_7516#                         |Net: wb_212                                
  sky130_fd_pr__pfet_01v8/4 = 1            |  sky130_fd_pr__nfet_01v8/2 = 2            
                                           |  sky130_fd_pr__pfet_01v8/2 = 1            
                                           |                                           
Net: w_11167_19840#                        |Net: wb_213                                
  sky130_fd_pr__pfet_01v8/4 = 1            |  sky130_fd_pr__nfet_01v8/2 = 2            
                                           |  sky130_fd_pr__pfet_01v8/2 = 1            
                                           |                                           
Net: w_n797_n742#                          |Net: wb_020                                
  sky130_fd_pr__pfet_01v8/4 = 1            |  sky130_fd_pr__nfet_01v8/2 = 2            
                                           |  sky130_fd_pr__pfet_01v8/2 = 1            
                                           |                                           
Net: w_16283_13678#                        |Net: wb_021                                
  sky130_fd_pr__pfet_01v8/4 = 1            |  sky130_fd_pr__nfet_01v8/2 = 2            
                                           |  sky130_fd_pr__pfet_01v8/2 = 1            
                                           |                                           
Net: c1_39524_8500#                        |Net: wb_022                                
  sky130_fd_pr__cap_mim_m3_1/1 = 1         |  sky130_fd_pr__nfet_01v8/2 = 2            
                                           |  sky130_fd_pr__pfet_01v8/2 = 1            
                                           |                                           
Net: c1_23524_14662#                       |Net: wb_023                                
  sky130_fd_pr__cap_mim_m3_1/1 = 1         |  sky130_fd_pr__nfet_01v8/2 = 2            
                                           |  sky130_fd_pr__pfet_01v8/2 = 1            
                                           |                                           
Net: y2                                    |Net: y2                                    
  sky130_fd_pr__cap_mim_m3_1/1 = 1         |  sky130_fd_pr__nfet_01v8/(1|3) = 1        
                                           |  sky130_fd_pr__pfet_01v8/(1|3) = 1        
                                           |                                           
Net: c1_35416_20824#                       |Net: wb_121                                
  sky130_fd_pr__cap_mim_m3_1/1 = 1         |  sky130_fd_pr__nfet_01v8/2 = 2            
                                           |  sky130_fd_pr__pfet_01v8/2 = 1            
                                           |                                           
Net: m3_22194_372#                         |Net: wb_122                                
  sky130_fd_pr__cap_mim_m3_1/2 = 1         |  sky130_fd_pr__nfet_01v8/2 = 2            
                                           |  sky130_fd_pr__pfet_01v8/2 = 1            
                                           |                                           
Net: a_39569_n403#                         |Net: wb_123                                
  sky130_fd_pr__nfet_01v8/2 = 1            |  sky130_fd_pr__nfet_01v8/2 = 2            
                                           |  sky130_fd_pr__pfet_01v8/2 = 1            
                                           |                                           
Net: x2                                    |Net: x2                                    
  sky130_fd_pr__nfet_01v8/2 = 1            |  sky130_fd_pr__nfet_01v8/(1|3) = 12       
  sky130_fd_pr__pfet_01v8/2 = 1            |  sky130_fd_pr__pfet_01v8/(1|3) = 12       
  sky130_fd_pr__cap_mim_m3_1/2 = 1         |                                           
                                           |                                           
Net: x0                                    |Net: x0                                    
  sky130_fd_pr__pfet_01v8/2 = 1            |  sky130_fd_pr__nfet_01v8/(1|3) = 12       
  sky130_fd_pr__nfet_01v8/2 = 1            |  sky130_fd_pr__pfet_01v8/(1|3) = 12       
  sky130_fd_pr__cap_mim_m3_1/2 = 1         |                                           
                                           |                                           
Net: x1                                    |Net: x1                                    
  sky130_fd_pr__cap_mim_m3_1/2 = 1         |  sky130_fd_pr__nfet_01v8/(1|3) = 12       
  sky130_fd_pr__nfet_01v8/2 = 1            |  sky130_fd_pr__pfet_01v8/(1|3) = 12       
  sky130_fd_pr__pfet_01v8/2 = 1            |                                           
                                           |                                           
Net: SUB                                   |Net: wb_223                                
  sky130_fd_pr__nfet_01v8/4 = 5            |  sky130_fd_pr__nfet_01v8/2 = 2            
                                           |  sky130_fd_pr__pfet_01v8/2 = 1            
                                           |                                           
Net: a_n633_n652#                          |Net: imc_crossbar_xpt_cap:xpt_0_0/ctrl_b_0 
  sky130_fd_pr__nfet_01v8/2 = 1            |  sky130_fd_pr__nfet_01v8/(1|3) = 1        
  sky130_fd_pr__pfet_01v8/2 = 1            |  sky130_fd_pr__pfet_01v8/(1|3) = 1        
                                           |  sky130_fd_pr__pfet_01v8/2 = 1            
                                           |                                           
(no matching net)                          |Net: imc_crossbar_xpt_cap:xpt_0_0/ctrl_b_1 
                                           |  sky130_fd_pr__nfet_01v8/(1|3) = 1        
                                           |  sky130_fd_pr__pfet_01v8/(1|3) = 1        
                                           |  sky130_fd_pr__pfet_01v8/2 = 1            
                                           |                                           
(no matching net)                          |Net: imc_crossbar_xpt_cap:xpt_0_0/ctrl_b_2 
                                           |  sky130_fd_pr__nfet_01v8/(1|3) = 1        
                                           |  sky130_fd_pr__pfet_01v8/(1|3) = 1        
                                           |  sky130_fd_pr__pfet_01v8/2 = 1            
                                           |                                           
(no matching net)                          |Net: imc_crossbar_xpt_cap:xpt_0_0/ctrl_b_3 
                                           |  sky130_fd_pr__nfet_01v8/(1|3) = 1        
                                           |  sky130_fd_pr__pfet_01v8/(1|3) = 1        
                                           |  sky130_fd_pr__pfet_01v8/2 = 1            
                                           |                                           
(no matching net)                          |Net: imc_crossbar_xpt_cap:xpt_1_0/ctrl_b_0 
                                           |  sky130_fd_pr__nfet_01v8/(1|3) = 1        
                                           |  sky130_fd_pr__pfet_01v8/(1|3) = 1        
                                           |  sky130_fd_pr__pfet_01v8/2 = 1            
                                           |                                           
(no matching net)                          |Net: imc_crossbar_xpt_cap:xpt_1_0/ctrl_b_1 
                                           |  sky130_fd_pr__nfet_01v8/(1|3) = 1        
                                           |  sky130_fd_pr__pfet_01v8/(1|3) = 1        
                                           |  sky130_fd_pr__pfet_01v8/2 = 1            
                                           |                                           
(no matching net)                          |Net: imc_crossbar_xpt_cap:xpt_1_0/ctrl_b_2 
                                           |  sky130_fd_pr__nfet_01v8/(1|3) = 1        
                                           |  sky130_fd_pr__pfet_01v8/(1|3) = 1        
                                           |  sky130_fd_pr__pfet_01v8/2 = 1            
                                           |                                           
(no matching net)                          |Net: imc_crossbar_xpt_cap:xpt_1_0/ctrl_b_3 
                                           |  sky130_fd_pr__nfet_01v8/(1|3) = 1        
                                           |  sky130_fd_pr__pfet_01v8/(1|3) = 1        
                                           |  sky130_fd_pr__pfet_01v8/2 = 1            
                                           |                                           
(no matching net)                          |Net: imc_crossbar_xpt_cap:xpt_2_0/ctrl_b_0 
                                           |  sky130_fd_pr__nfet_01v8/(1|3) = 1        
                                           |  sky130_fd_pr__pfet_01v8/(1|3) = 1        
                                           |  sky130_fd_pr__pfet_01v8/2 = 1            
                                           |                                           
(no matching net)                          |Net: imc_crossbar_xpt_cap:xpt_2_0/ctrl_b_1 
                                           |  sky130_fd_pr__nfet_01v8/(1|3) = 1        
                                           |  sky130_fd_pr__pfet_01v8/(1|3) = 1        
                                           |  sky130_fd_pr__pfet_01v8/2 = 1            
                                           |                                           
(no matching net)                          |Net: imc_crossbar_xpt_cap:xpt_2_0/ctrl_b_2 
                                           |  sky130_fd_pr__nfet_01v8/(1|3) = 1        
                                           |  sky130_fd_pr__pfet_01v8/(1|3) = 1        
                                           |  sky130_fd_pr__pfet_01v8/2 = 1            
                                           |                                           
(no matching net)                          |Net: imc_crossbar_xpt_cap:xpt_2_0/ctrl_b_3 
                                           |  sky130_fd_pr__nfet_01v8/(1|3) = 1        
                                           |  sky130_fd_pr__pfet_01v8/(1|3) = 1        
                                           |  sky130_fd_pr__pfet_01v8/2 = 1            
                                           |                                           
(no matching net)                          |Net: imc_crossbar_xpt_cap:xpt_0_1/ctrl_b_0 
                                           |  sky130_fd_pr__nfet_01v8/(1|3) = 1        
                                           |  sky130_fd_pr__pfet_01v8/(1|3) = 1        
                                           |  sky130_fd_pr__pfet_01v8/2 = 1            
                                           |                                           
(no matching net)                          |Net: imc_crossbar_xpt_cap:xpt_0_1/ctrl_b_1 
                                           |  sky130_fd_pr__nfet_01v8/(1|3) = 1        
                                           |  sky130_fd_pr__pfet_01v8/(1|3) = 1        
                                           |  sky130_fd_pr__pfet_01v8/2 = 1            
                                           |                                           
(no matching net)                          |Net: imc_crossbar_xpt_cap:xpt_0_1/ctrl_b_2 
                                           |  sky130_fd_pr__nfet_01v8/(1|3) = 1        
                                           |  sky130_fd_pr__pfet_01v8/(1|3) = 1        
                                           |  sky130_fd_pr__pfet_01v8/2 = 1            
                                           |                                           
(no matching net)                          |Net: imc_crossbar_xpt_cap:xpt_0_1/ctrl_b_3 
                                           |  sky130_fd_pr__nfet_01v8/(1|3) = 1        
                                           |  sky130_fd_pr__pfet_01v8/(1|3) = 1        
                                           |  sky130_fd_pr__pfet_01v8/2 = 1            
                                           |                                           
(no matching net)                          |Net: imc_crossbar_xpt_cap:xpt_1_1/ctrl_b_0 
                                           |  sky130_fd_pr__nfet_01v8/(1|3) = 1        
                                           |  sky130_fd_pr__pfet_01v8/(1|3) = 1        
                                           |  sky130_fd_pr__pfet_01v8/2 = 1            
                                           |                                           
(no matching net)                          |Net: imc_crossbar_xpt_cap:xpt_1_1/ctrl_b_1 
                                           |  sky130_fd_pr__nfet_01v8/(1|3) = 1        
                                           |  sky130_fd_pr__pfet_01v8/(1|3) = 1        
                                           |  sky130_fd_pr__pfet_01v8/2 = 1            
                                           |                                           
(no matching net)                          |Net: imc_crossbar_xpt_cap:xpt_1_1/ctrl_b_2 
                                           |  sky130_fd_pr__nfet_01v8/(1|3) = 1        
                                           |  sky130_fd_pr__pfet_01v8/(1|3) = 1        
                                           |  sky130_fd_pr__pfet_01v8/2 = 1            
                                           |                                           
(no matching net)                          |Net: imc_crossbar_xpt_cap:xpt_1_1/ctrl_b_3 
                                           |  sky130_fd_pr__nfet_01v8/(1|3) = 1        
                                           |  sky130_fd_pr__pfet_01v8/(1|3) = 1        
                                           |  sky130_fd_pr__pfet_01v8/2 = 1            
                                           |                                           
(no matching net)                          |Net: imc_crossbar_xpt_cap:xpt_2_1/ctrl_b_0 
                                           |  sky130_fd_pr__nfet_01v8/(1|3) = 1        
                                           |  sky130_fd_pr__pfet_01v8/(1|3) = 1        
                                           |  sky130_fd_pr__pfet_01v8/2 = 1            
                                           |                                           
(no matching net)                          |Net: imc_crossbar_xpt_cap:xpt_2_1/ctrl_b_1 
                                           |  sky130_fd_pr__nfet_01v8/(1|3) = 1        
                                           |  sky130_fd_pr__pfet_01v8/(1|3) = 1        
                                           |  sky130_fd_pr__pfet_01v8/2 = 1            
                                           |                                           
(no matching net)                          |Net: imc_crossbar_xpt_cap:xpt_2_1/ctrl_b_2 
                                           |  sky130_fd_pr__nfet_01v8/(1|3) = 1        
                                           |  sky130_fd_pr__pfet_01v8/(1|3) = 1        
                                           |  sky130_fd_pr__pfet_01v8/2 = 1            
                                           |                                           
(no matching net)                          |Net: imc_crossbar_xpt_cap:xpt_2_1/ctrl_b_3 
                                           |  sky130_fd_pr__nfet_01v8/(1|3) = 1        
                                           |  sky130_fd_pr__pfet_01v8/(1|3) = 1        
                                           |  sky130_fd_pr__pfet_01v8/2 = 1            
                                           |                                           
(no matching net)                          |Net: imc_crossbar_xpt_cap:xpt_0_2/ctrl_b_0 
                                           |  sky130_fd_pr__nfet_01v8/(1|3) = 1        
                                           |  sky130_fd_pr__pfet_01v8/(1|3) = 1        
                                           |  sky130_fd_pr__pfet_01v8/2 = 1            
                                           |                                           
(no matching net)                          |Net: imc_crossbar_xpt_cap:xpt_0_2/ctrl_b_1 
                                           |  sky130_fd_pr__nfet_01v8/(1|3) = 1        
                                           |  sky130_fd_pr__pfet_01v8/(1|3) = 1        
                                           |  sky130_fd_pr__pfet_01v8/2 = 1            
                                           |                                           
(no matching net)                          |Net: imc_crossbar_xpt_cap:xpt_0_2/ctrl_b_2 
                                           |  sky130_fd_pr__nfet_01v8/(1|3) = 1        
                                           |  sky130_fd_pr__pfet_01v8/(1|3) = 1        
                                           |  sky130_fd_pr__pfet_01v8/2 = 1            
                                           |                                           
(no matching net)                          |Net: imc_crossbar_xpt_cap:xpt_0_2/ctrl_b_3 
                                           |  sky130_fd_pr__nfet_01v8/(1|3) = 1        
                                           |  sky130_fd_pr__pfet_01v8/(1|3) = 1        
                                           |  sky130_fd_pr__pfet_01v8/2 = 1            
                                           |                                           
(no matching net)                          |Net: imc_crossbar_xpt_cap:xpt_1_2/ctrl_b_0 
                                           |  sky130_fd_pr__nfet_01v8/(1|3) = 1        
                                           |  sky130_fd_pr__pfet_01v8/(1|3) = 1        
                                           |  sky130_fd_pr__pfet_01v8/2 = 1            
                                           |                                           
(no matching net)                          |Net: imc_crossbar_xpt_cap:xpt_1_2/ctrl_b_1 
                                           |  sky130_fd_pr__nfet_01v8/(1|3) = 1        
                                           |  sky130_fd_pr__pfet_01v8/(1|3) = 1        
                                           |  sky130_fd_pr__pfet_01v8/2 = 1            
                                           |                                           
(no matching net)                          |Net: imc_crossbar_xpt_cap:xpt_1_2/ctrl_b_2 
                                           |  sky130_fd_pr__nfet_01v8/(1|3) = 1        
                                           |  sky130_fd_pr__pfet_01v8/(1|3) = 1        
                                           |  sky130_fd_pr__pfet_01v8/2 = 1            
                                           |                                           
(no matching net)                          |Net: imc_crossbar_xpt_cap:xpt_1_2/ctrl_b_3 
                                           |  sky130_fd_pr__nfet_01v8/(1|3) = 1        
                                           |  sky130_fd_pr__pfet_01v8/(1|3) = 1        
                                           |  sky130_fd_pr__pfet_01v8/2 = 1            
                                           |                                           
(no matching net)                          |Net: imc_crossbar_xpt_cap:xpt_2_2/ctrl_b_0 
                                           |  sky130_fd_pr__nfet_01v8/(1|3) = 1        
                                           |  sky130_fd_pr__pfet_01v8/(1|3) = 1        
                                           |  sky130_fd_pr__pfet_01v8/2 = 1            
                                           |                                           
(no matching net)                          |Net: imc_crossbar_xpt_cap:xpt_2_2/ctrl_b_1 
                                           |  sky130_fd_pr__nfet_01v8/(1|3) = 1        
                                           |  sky130_fd_pr__pfet_01v8/(1|3) = 1        
                                           |  sky130_fd_pr__pfet_01v8/2 = 1            
                                           |                                           
(no matching net)                          |Net: imc_crossbar_xpt_cap:xpt_2_2/ctrl_b_2 
                                           |  sky130_fd_pr__nfet_01v8/(1|3) = 1        
                                           |  sky130_fd_pr__pfet_01v8/(1|3) = 1        
                                           |  sky130_fd_pr__pfet_01v8/2 = 1            
                                           |                                           
(no matching net)                          |Net: imc_crossbar_xpt_cap:xpt_2_2/ctrl_b_3 
                                           |  sky130_fd_pr__nfet_01v8/(1|3) = 1        
                                           |  sky130_fd_pr__pfet_01v8/(1|3) = 1        
                                           |  sky130_fd_pr__pfet_01v8/2 = 1            
                                           |                                           
(no matching net)                          |Net: rst_b                                 
                                           |  sky130_fd_pr__nfet_01v8/(1|3) = 1        
                                           |  sky130_fd_pr__pfet_01v8/(1|3) = 1        
                                           |  sky130_fd_pr__pfet_01v8/2 = 3            
                                           |                                           
(no matching net)                          |Net: rst                                   
                                           |  sky130_fd_pr__nfet_01v8/2 = 4            
                                           |  sky130_fd_pr__pfet_01v8/2 = 1            
                                           |                                           
(no matching net)                          |Net: y0                                    
                                           |  sky130_fd_pr__nfet_01v8/(1|3) = 1        
                                           |  sky130_fd_pr__pfet_01v8/(1|3) = 1        
                                           |                                           
(no matching net)                          |Net: y1                                    
                                           |  sky130_fd_pr__nfet_01v8/(1|3) = 1        
                                           |  sky130_fd_pr__pfet_01v8/(1|3) = 1        
                                           |                                           
(no matching net)                          |Net: wb_120                                
                                           |  sky130_fd_pr__nfet_01v8/2 = 2            
                                           |  sky130_fd_pr__pfet_01v8/2 = 1            
                                           |                                           
(no matching net)                          |Net: imc_crossbar_xpt_cap:xpt_0_0/cap_bot_ 
                                           |  sky130_fd_pr__nfet_01v8/(1|3) = 1        
                                           |  sky130_fd_pr__pfet_01v8/(1|3) = 1        
                                           |                                           
(no matching net)                          |Net: imc_crossbar_xpt_cap:xpt_0_0/cap_bot_ 
                                           |  sky130_fd_pr__nfet_01v8/(1|3) = 1        
                                           |  sky130_fd_pr__pfet_01v8/(1|3) = 1        
                                           |                                           
(no matching net)                          |Net: imc_crossbar_xpt_cap:xpt_0_0/cap_bot_ 
                                           |  sky130_fd_pr__nfet_01v8/(1|3) = 1        
                                           |  sky130_fd_pr__pfet_01v8/(1|3) = 1        
                                           |                                           
(no matching net)                          |Net: imc_crossbar_xpt_cap:xpt_0_0/cap_bot_ 
                                           |  sky130_fd_pr__nfet_01v8/(1|3) = 1        
                                           |  sky130_fd_pr__pfet_01v8/(1|3) = 1        
                                           |                                           
(no matching net)                          |Net: imc_crossbar_xpt_cap:xpt_1_0/cap_bot_ 
                                           |  sky130_fd_pr__nfet_01v8/(1|3) = 1        
                                           |  sky130_fd_pr__pfet_01v8/(1|3) = 1        
                                           |                                           
(no matching net)                          |Net: imc_crossbar_xpt_cap:xpt_1_0/cap_bot_ 
                                           |  sky130_fd_pr__nfet_01v8/(1|3) = 1        
                                           |  sky130_fd_pr__pfet_01v8/(1|3) = 1        
                                           |                                           
(no matching net)                          |Net: imc_crossbar_xpt_cap:xpt_1_0/cap_bot_ 
                                           |  sky130_fd_pr__nfet_01v8/(1|3) = 1        
                                           |  sky130_fd_pr__pfet_01v8/(1|3) = 1        
                                           |                                           
(no matching net)                          |Net: imc_crossbar_xpt_cap:xpt_1_0/cap_bot_ 
                                           |  sky130_fd_pr__nfet_01v8/(1|3) = 1        
                                           |  sky130_fd_pr__pfet_01v8/(1|3) = 1        
                                           |                                           
(no matching net)                          |Net: imc_crossbar_xpt_cap:xpt_2_0/cap_bot_ 
                                           |  sky130_fd_pr__nfet_01v8/(1|3) = 1        
                                           |  sky130_fd_pr__pfet_01v8/(1|3) = 1        
                                           |                                           
(no matching net)                          |Net: imc_crossbar_xpt_cap:xpt_2_0/cap_bot_ 
                                           |  sky130_fd_pr__nfet_01v8/(1|3) = 1        
                                           |  sky130_fd_pr__pfet_01v8/(1|3) = 1        
                                           |                                           
(no matching net)                          |Net: imc_crossbar_xpt_cap:xpt_2_0/cap_bot_ 
                                           |  sky130_fd_pr__nfet_01v8/(1|3) = 1        
                                           |  sky130_fd_pr__pfet_01v8/(1|3) = 1        
                                           |                                           
(no matching net)                          |Net: imc_crossbar_xpt_cap:xpt_2_0/cap_bot_ 
                                           |  sky130_fd_pr__nfet_01v8/(1|3) = 1        
                                           |  sky130_fd_pr__pfet_01v8/(1|3) = 1        
                                           |                                           
(no matching net)                          |Net: imc_crossbar_xpt_cap:xpt_0_1/cap_bot_ 
                                           |  sky130_fd_pr__nfet_01v8/(1|3) = 1        
                                           |  sky130_fd_pr__pfet_01v8/(1|3) = 1        
                                           |                                           
(no matching net)                          |Net: imc_crossbar_xpt_cap:xpt_0_1/cap_bot_ 
                                           |  sky130_fd_pr__nfet_01v8/(1|3) = 1        
                                           |  sky130_fd_pr__pfet_01v8/(1|3) = 1        
                                           |                                           
(no matching net)                          |Net: imc_crossbar_xpt_cap:xpt_0_1/cap_bot_ 
                                           |  sky130_fd_pr__nfet_01v8/(1|3) = 1        
                                           |  sky130_fd_pr__pfet_01v8/(1|3) = 1        
                                           |                                           
(no matching net)                          |Net: imc_crossbar_xpt_cap:xpt_0_1/cap_bot_ 
                                           |  sky130_fd_pr__nfet_01v8/(1|3) = 1        
                                           |  sky130_fd_pr__pfet_01v8/(1|3) = 1        
                                           |                                           
(no matching net)                          |Net: imc_crossbar_xpt_cap:xpt_1_1/cap_bot_ 
                                           |  sky130_fd_pr__nfet_01v8/(1|3) = 1        
                                           |  sky130_fd_pr__pfet_01v8/(1|3) = 1        
                                           |                                           
(no matching net)                          |Net: imc_crossbar_xpt_cap:xpt_1_1/cap_bot_ 
                                           |  sky130_fd_pr__nfet_01v8/(1|3) = 1        
                                           |  sky130_fd_pr__pfet_01v8/(1|3) = 1        
                                           |                                           
(no matching net)                          |Net: imc_crossbar_xpt_cap:xpt_1_1/cap_bot_ 
                                           |  sky130_fd_pr__nfet_01v8/(1|3) = 1        
                                           |  sky130_fd_pr__pfet_01v8/(1|3) = 1        
                                           |                                           
(no matching net)                          |Net: imc_crossbar_xpt_cap:xpt_1_1/cap_bot_ 
                                           |  sky130_fd_pr__nfet_01v8/(1|3) = 1        
                                           |  sky130_fd_pr__pfet_01v8/(1|3) = 1        
                                           |                                           
(no matching net)                          |Net: imc_crossbar_xpt_cap:xpt_2_1/cap_bot_ 
                                           |  sky130_fd_pr__nfet_01v8/(1|3) = 1        
                                           |  sky130_fd_pr__pfet_01v8/(1|3) = 1        
                                           |                                           
(no matching net)                          |Net: imc_crossbar_xpt_cap:xpt_2_1/cap_bot_ 
                                           |  sky130_fd_pr__nfet_01v8/(1|3) = 1        
                                           |  sky130_fd_pr__pfet_01v8/(1|3) = 1        
                                           |                                           
(no matching net)                          |Net: imc_crossbar_xpt_cap:xpt_2_1/cap_bot_ 
                                           |  sky130_fd_pr__nfet_01v8/(1|3) = 1        
                                           |  sky130_fd_pr__pfet_01v8/(1|3) = 1        
                                           |                                           
(no matching net)                          |Net: imc_crossbar_xpt_cap:xpt_2_1/cap_bot_ 
                                           |  sky130_fd_pr__nfet_01v8/(1|3) = 1        
                                           |  sky130_fd_pr__pfet_01v8/(1|3) = 1        
                                           |                                           
(no matching net)                          |Net: imc_crossbar_xpt_cap:xpt_0_2/cap_bot_ 
                                           |  sky130_fd_pr__nfet_01v8/(1|3) = 1        
                                           |  sky130_fd_pr__pfet_01v8/(1|3) = 1        
                                           |                                           
(no matching net)                          |Net: imc_crossbar_xpt_cap:xpt_0_2/cap_bot_ 
                                           |  sky130_fd_pr__nfet_01v8/(1|3) = 1        
                                           |  sky130_fd_pr__pfet_01v8/(1|3) = 1        
                                           |                                           
(no matching net)                          |Net: imc_crossbar_xpt_cap:xpt_0_2/cap_bot_ 
                                           |  sky130_fd_pr__nfet_01v8/(1|3) = 1        
                                           |  sky130_fd_pr__pfet_01v8/(1|3) = 1        
                                           |                                           
(no matching net)                          |Net: imc_crossbar_xpt_cap:xpt_0_2/cap_bot_ 
                                           |  sky130_fd_pr__nfet_01v8/(1|3) = 1        
                                           |  sky130_fd_pr__pfet_01v8/(1|3) = 1        
                                           |                                           
(no matching net)                          |Net: imc_crossbar_xpt_cap:xpt_1_2/cap_bot_ 
                                           |  sky130_fd_pr__nfet_01v8/(1|3) = 1        
                                           |  sky130_fd_pr__pfet_01v8/(1|3) = 1        
                                           |                                           
(no matching net)                          |Net: imc_crossbar_xpt_cap:xpt_1_2/cap_bot_ 
                                           |  sky130_fd_pr__nfet_01v8/(1|3) = 1        
                                           |  sky130_fd_pr__pfet_01v8/(1|3) = 1        
                                           |                                           
(no matching net)                          |Net: imc_crossbar_xpt_cap:xpt_1_2/cap_bot_ 
                                           |  sky130_fd_pr__nfet_01v8/(1|3) = 1        
                                           |  sky130_fd_pr__pfet_01v8/(1|3) = 1        
                                           |                                           
(no matching net)                          |Net: imc_crossbar_xpt_cap:xpt_1_2/cap_bot_ 
                                           |  sky130_fd_pr__nfet_01v8/(1|3) = 1        
                                           |  sky130_fd_pr__pfet_01v8/(1|3) = 1        
                                           |                                           
(no matching net)                          |Net: imc_crossbar_xpt_cap:xpt_2_2/cap_bot_ 
                                           |  sky130_fd_pr__nfet_01v8/(1|3) = 1        
                                           |  sky130_fd_pr__pfet_01v8/(1|3) = 1        
                                           |                                           
(no matching net)                          |Net: imc_crossbar_xpt_cap:xpt_2_2/cap_bot_ 
                                           |  sky130_fd_pr__nfet_01v8/(1|3) = 1        
                                           |  sky130_fd_pr__pfet_01v8/(1|3) = 1        
                                           |                                           
(no matching net)                          |Net: imc_crossbar_xpt_cap:xpt_2_2/cap_bot_ 
                                           |  sky130_fd_pr__nfet_01v8/(1|3) = 1        
                                           |  sky130_fd_pr__pfet_01v8/(1|3) = 1        
                                           |                                           
(no matching net)                          |Net: imc_crossbar_xpt_cap:xpt_2_2/cap_bot_ 
                                           |  sky130_fd_pr__nfet_01v8/(1|3) = 1        
                                           |  sky130_fd_pr__pfet_01v8/(1|3) = 1        
                                           |                                           
(no matching net)                          |Net: vss                                   
                                           |  sky130_fd_pr__nfet_01v8/(1|3) = 40       
                                           |  sky130_fd_pr__nfet_01v8/4 = 76           
                                           |  sky130_fd_pr__pfet_01v8/(1|3) = 3        
                                           |                                           
(no matching net)                          |Net: vdd                                   
                                           |  sky130_fd_pr__pfet_01v8/(1|3) = 37       
                                           |  sky130_fd_pr__pfet_01v8/4 = 76           
                                           |                                           
(no matching net)                          |Net: wb_221                                
                                           |  sky130_fd_pr__nfet_01v8/2 = 2            
                                           |  sky130_fd_pr__pfet_01v8/2 = 1            
                                           |                                           
(no matching net)                          |Net: wb_222                                
                                           |  sky130_fd_pr__nfet_01v8/2 = 2            
                                           |  sky130_fd_pr__pfet_01v8/2 = 1            
                                           |                                           
(no matching net)                          |Net: wb_220                                
                                           |  sky130_fd_pr__nfet_01v8/2 = 2            
                                           |  sky130_fd_pr__pfet_01v8/2 = 1            
---------------------------------------------------------------------------------------
DEVICE mismatches: Class fragments follow (with node fanout counts):
Circuit 1: imc_crossbar_flat               |Circuit 2: imc_crossbar                    

---------------------------------------------------------------------------------------
Instance: sky130_fd_pr__nfet_01v8:0        |Instance: sky130_fd_pr__nfet_01v8:rst_inv_ 
  (1,3) = (1,1)                            |  (1,3) = (119,5)                          
  2 = 3                                    |  2 = 5                                    
  4 = 5                                    |  4 = 119                                  
                                           |                                           
Instance: sky130_fd_pr__nfet_01v8:3        |Instance: imc_crossbar_rst_sw:rst_sw_0/sky 
  (1,3) = (1,1)                            |  (1,3) = (119,2)                          
  2 = 2                                    |  2 = 5                                    
  4 = 5                                    |  4 = 119                                  
                                           |                                           
Instance: sky130_fd_pr__nfet_01v8:5        |Instance: imc_crossbar_xpt_cap:xpt_0_0/sky 
  (1,3) = (1,1)                            |  (1,3) = (119,3)                          
  2 = 3                                    |  2 = 3                                    
  4 = 5                                    |  4 = 119                                  
                                           |                                           
Instance: sky130_fd_pr__nfet_01v8:19       |Instance: imc_crossbar_xpt_cap:xpt_0_0/imc 
  (1,3) = (1,1)                            |  (1,3) = (24,2)                           
  2 = 3                                    |  2 = 3                                    
  4 = 5                                    |  4 = 119                                  
                                           |                                           
Instance: sky130_fd_pr__nfet_01v8:56       |Instance: imc_crossbar_xpt_cap:xpt_0_0/sky 
  (1,3) = (1,1)                            |  (1,3) = (119,3)                          
  2 = 1                                    |  2 = 3                                    
  4 = 5                                    |  4 = 119                                  
                                           |                                           
Instance: sky130_fd_pr__pfet_01v8:1        |Instance: imc_crossbar_xpt_cap:xpt_0_0/imc 
  (1,3) = (1,1)                            |  (1,3) = (24,2)                           
  2 = 1                                    |  2 = 3                                    
  4 = 1                                    |  4 = 119                                  
                                           |                                           
Instance: sky130_fd_pr__pfet_01v8:4        |Instance: imc_crossbar_xpt_cap:xpt_0_0/sky 
  (1,3) = (1,1)                            |  (1,3) = (119,3)                          
  2 = 3                                    |  2 = 3                                    
  4 = 1                                    |  4 = 119                                  
                                           |                                           
Instance: sky130_fd_pr__pfet_01v8:6        |Instance: imc_crossbar_xpt_cap:xpt_0_0/imc 
  (1,3) = (1,1)                            |  (1,3) = (24,2)                           
  2 = 3                                    |  2 = 3                                    
  4 = 1                                    |  4 = 119                                  
                                           |                                           
Instance: sky130_fd_pr__pfet_01v8:31       |Instance: imc_crossbar_xpt_cap:xpt_0_0/sky 
  (1,3) = (1,1)                            |  (1,3) = (119,3)                          
  2 = 2                                    |  2 = 3                                    
  4 = 1                                    |  4 = 119                                  
                                           |                                           
Instance: sky130_fd_pr__pfet_01v8:49       |Instance: imc_crossbar_xpt_cap:xpt_0_0/imc 
  (1,3) = (1,1)                            |  (1,3) = (24,2)                           
  2 = 3                                    |  2 = 3                                    
  4 = 1                                    |  4 = 119                                  
                                           |                                           
Instance: sky130_fd_pr__cap_mim_m3_1:11    |Instance: imc_crossbar_xpt_cap:xpt_1_0/sky 
  1 = 1                                    |  (1,3) = (119,3)                          
  2 = 3                                    |  2 = 3                                    
                                           |  4 = 119                                  
                                           |                                           
                                           |                                           
Instance: sky130_fd_pr__cap_mim_m3_1:12    |Instance: imc_crossbar_xpt_cap:xpt_1_0/imc 
  1 = 1                                    |  (1,3) = (24,2)                           
  2 = 3                                    |  2 = 3                                    
                                           |  4 = 119                                  
                                           |                                           
                                           |                                           
Instance: sky130_fd_pr__cap_mim_m3_1:13    |Instance: imc_crossbar_xpt_cap:xpt_1_0/sky 
  1 = 1                                    |  (1,3) = (119,3)                          
  2 = 1                                    |  2 = 3                                    
                                           |  4 = 119                                  
                                           |                                           
                                           |                                           
Instance: sky130_fd_pr__cap_mim_m3_1:62    |Instance: imc_crossbar_xpt_cap:xpt_1_0/imc 
  1 = 1                                    |  (1,3) = (24,2)                           
  2 = 3                                    |  2 = 3                                    
                                           |  4 = 119                                  
                                           |                                           
                                           |                                           
(no matching instance)                     |Instance: imc_crossbar_xpt_cap:xpt_1_0/sky 
                                           |  (1,3) = (119,3)                          
                                           |  2 = 3                                    
                                           |  4 = 119                                  
                                           |                                           
                                           |                                           
(no matching instance)                     |Instance: imc_crossbar_xpt_cap:xpt_1_0/imc 
                                           |  (1,3) = (24,2)                           
                                           |  2 = 3                                    
                                           |  4 = 119                                  
                                           |                                           
                                           |                                           
(no matching instance)                     |Instance: imc_crossbar_xpt_cap:xpt_1_0/sky 
                                           |  (1,3) = (119,3)                          
                                           |  2 = 3                                    
                                           |  4 = 119                                  
                                           |                                           
                                           |                                           
(no matching instance)                     |Instance: imc_crossbar_xpt_cap:xpt_1_0/imc 
                                           |  (1,3) = (24,2)                           
                                           |  2 = 3                                    
                                           |  4 = 119                                  
                                           |                                           
                                           |                                           
(no matching instance)                     |Instance: imc_crossbar_xpt_cap:xpt_2_0/sky 
                                           |  (1,3) = (119,3)                          
                                           |  2 = 3                                    
                                           |  4 = 119                                  
                                           |                                           
                                           |                                           
(no matching instance)                     |Instance: imc_crossbar_xpt_cap:xpt_2_0/imc 
                                           |  (1,3) = (24,2)                           
                                           |  2 = 3                                    
                                           |  4 = 119                                  
                                           |                                           
                                           |                                           
(no matching instance)                     |Instance: imc_crossbar_xpt_cap:xpt_2_0/sky 
                                           |  (1,3) = (119,3)                          
                                           |  2 = 3                                    
                                           |  4 = 119                                  
                                           |                                           
                                           |                                           
(no matching instance)                     |Instance: imc_crossbar_xpt_cap:xpt_2_0/imc 
                                           |  (1,3) = (24,2)                           
                                           |  2 = 3                                    
                                           |  4 = 119                                  
                                           |                                           
                                           |                                           
(no matching instance)                     |Instance: imc_crossbar_xpt_cap:xpt_2_0/sky 
                                           |  (1,3) = (119,3)                          
                                           |  2 = 3                                    
                                           |  4 = 119                                  
                                           |                                           
                                           |                                           
(no matching instance)                     |Instance: imc_crossbar_xpt_cap:xpt_2_0/imc 
                                           |  (1,3) = (24,2)                           
                                           |  2 = 3                                    
                                           |  4 = 119                                  
                                           |                                           
                                           |                                           
(no matching instance)                     |Instance: imc_crossbar_xpt_cap:xpt_2_0/sky 
                                           |  (1,3) = (119,3)                          
                                           |  2 = 3                                    
                                           |  4 = 119                                  
                                           |                                           
                                           |                                           
(no matching instance)                     |Instance: imc_crossbar_xpt_cap:xpt_2_0/imc 
                                           |  (1,3) = (24,2)                           
                                           |  2 = 3                                    
                                           |  4 = 119                                  
                                           |                                           
                                           |                                           
(no matching instance)                     |Instance: imc_crossbar_rst_sw:rst_sw_1/sky 
                                           |  (1,3) = (119,2)                          
                                           |  2 = 5                                    
                                           |  4 = 119                                  
                                           |                                           
                                           |                                           
(no matching instance)                     |Instance: imc_crossbar_xpt_cap:xpt_0_1/sky 
                                           |  (1,3) = (119,3)                          
                                           |  2 = 3                                    
                                           |  4 = 119                                  
                                           |                                           
                                           |                                           
(no matching instance)                     |Instance: imc_crossbar_xpt_cap:xpt_0_1/imc 
                                           |  (1,3) = (24,2)                           
                                           |  2 = 3                                    
                                           |  4 = 119                                  
                                           |                                           
                                           |                                           
(no matching instance)                     |Instance: imc_crossbar_xpt_cap:xpt_0_1/sky 
                                           |  (1,3) = (119,3)                          
                                           |  2 = 3                                    
                                           |  4 = 119                                  
                                           |                                           
                                           |                                           
(no matching instance)                     |Instance: imc_crossbar_xpt_cap:xpt_0_1/imc 
                                           |  (1,3) = (24,2)                           
                                           |  2 = 3                                    
                                           |  4 = 119                                  
                                           |                                           
                                           |                                           
(no matching instance)                     |Instance: imc_crossbar_xpt_cap:xpt_0_1/sky 
                                           |  (1,3) = (119,3)                          
                                           |  2 = 3                                    
                                           |  4 = 119                                  
                                           |                                           
                                           |                                           
(no matching instance)                     |Instance: imc_crossbar_xpt_cap:xpt_0_1/imc 
                                           |  (1,3) = (24,2)                           
                                           |  2 = 3                                    
                                           |  4 = 119                                  
                                           |                                           
                                           |                                           
(no matching instance)                     |Instance: imc_crossbar_xpt_cap:xpt_0_1/sky 
                                           |  (1,3) = (119,3)                          
                                           |  2 = 3                                    
                                           |  4 = 119                                  
                                           |                                           
                                           |                                           
(no matching instance)                     |Instance: imc_crossbar_xpt_cap:xpt_0_1/imc 
                                           |  (1,3) = (24,2)                           
                                           |  2 = 3                                    
                                           |  4 = 119                                  
                                           |                                           
                                           |                                           
(no matching instance)                     |Instance: imc_crossbar_xpt_cap:xpt_1_1/sky 
                                           |  (1,3) = (119,3)                          
                                           |  2 = 3                                    
                                           |  4 = 119                                  
                                           |                                           
                                           |                                           
(no matching instance)                     |Instance: imc_crossbar_xpt_cap:xpt_1_1/imc 
                                           |  (1,3) = (24,2)                           
                                           |  2 = 3                                    
                                           |  4 = 119                                  
                                           |                                           
                                           |                                           
(no matching instance)                     |Instance: imc_crossbar_xpt_cap:xpt_1_1/sky 
                                           |  (1,3) = (119,3)                          
                                           |  2 = 3                                    
                                           |  4 = 119                                  
                                           |                                           
                                           |                                           
(no matching instance)                     |Instance: imc_crossbar_xpt_cap:xpt_1_1/imc 
                                           |  (1,3) = (24,2)                           
                                           |  2 = 3                                    
                                           |  4 = 119                                  
                                           |                                           
                                           |                                           
(no matching instance)                     |Instance: imc_crossbar_xpt_cap:xpt_1_1/sky 
                                           |  (1,3) = (119,3)                          
                                           |  2 = 3                                    
                                           |  4 = 119                                  
                                           |                                           
                                           |                                           
(no matching instance)                     |Instance: imc_crossbar_xpt_cap:xpt_1_1/imc 
                                           |  (1,3) = (24,2)                           
                                           |  2 = 3                                    
                                           |  4 = 119                                  
                                           |                                           
                                           |                                           
(no matching instance)                     |Instance: imc_crossbar_xpt_cap:xpt_1_1/sky 
                                           |  (1,3) = (119,3)                          
                                           |  2 = 3                                    
                                           |  4 = 119                                  
                                           |                                           
                                           |                                           
(no matching instance)                     |Instance: imc_crossbar_xpt_cap:xpt_1_1/imc 
                                           |  (1,3) = (24,2)                           
                                           |  2 = 3                                    
                                           |  4 = 119                                  
                                           |                                           
                                           |                                           
(no matching instance)                     |Instance: imc_crossbar_xpt_cap:xpt_2_1/sky 
                                           |  (1,3) = (119,3)                          
                                           |  2 = 3                                    
                                           |  4 = 119                                  
                                           |                                           
                                           |                                           
(no matching instance)                     |Instance: imc_crossbar_xpt_cap:xpt_2_1/imc 
                                           |  (1,3) = (24,2)                           
                                           |  2 = 3                                    
                                           |  4 = 119                                  
                                           |                                           
                                           |                                           
(no matching instance)                     |Instance: imc_crossbar_xpt_cap:xpt_2_1/sky 
                                           |  (1,3) = (119,3)                          
                                           |  2 = 3                                    
                                           |  4 = 119                                  
                                           |                                           
                                           |                                           
(no matching instance)                     |Instance: imc_crossbar_xpt_cap:xpt_2_1/imc 
                                           |  (1,3) = (24,2)                           
                                           |  2 = 3                                    
                                           |  4 = 119                                  
                                           |                                           
                                           |                                           
(no matching instance)                     |Instance: imc_crossbar_xpt_cap:xpt_2_1/sky 
                                           |  (1,3) = (119,3)                          
                                           |  2 = 3                                    
                                           |  4 = 119                                  
                                           |                                           
                                           |                                           
(no matching instance)                     |Instance: imc_crossbar_xpt_cap:xpt_2_1/imc 
                                           |  (1,3) = (24,2)                           
                                           |  2 = 3                                    
                                           |  4 = 119                                  
                                           |                                           
                                           |                                           
(no matching instance)                     |Instance: imc_crossbar_xpt_cap:xpt_2_1/sky 
                                           |  (1,3) = (119,3)                          
                                           |  2 = 3                                    
                                           |  4 = 119                                  
                                           |                                           
                                           |                                           
(no matching instance)                     |Instance: imc_crossbar_xpt_cap:xpt_2_1/imc 
                                           |  (1,3) = (24,2)                           
                                           |  2 = 3                                    
                                           |  4 = 119                                  
                                           |                                           
                                           |                                           
(no matching instance)                     |Instance: imc_crossbar_rst_sw:rst_sw_2/sky 
                                           |  (1,3) = (119,2)                          
                                           |  2 = 5                                    
                                           |  4 = 119                                  
                                           |                                           
                                           |                                           
(no matching instance)                     |Instance: imc_crossbar_xpt_cap:xpt_0_2/sky 
                                           |  (1,3) = (119,3)                          
                                           |  2 = 3                                    
                                           |  4 = 119                                  
                                           |                                           
                                           |                                           
(no matching instance)                     |Instance: imc_crossbar_xpt_cap:xpt_0_2/imc 
                                           |  (1,3) = (24,2)                           
                                           |  2 = 3                                    
                                           |  4 = 119                                  
                                           |                                           
                                           |                                           
(no matching instance)                     |Instance: imc_crossbar_xpt_cap:xpt_0_2/sky 
                                           |  (1,3) = (119,3)                          
                                           |  2 = 3                                    
                                           |  4 = 119                                  
                                           |                                           
                                           |                                           
(no matching instance)                     |Instance: imc_crossbar_xpt_cap:xpt_0_2/imc 
                                           |  (1,3) = (24,2)                           
                                           |  2 = 3                                    
                                           |  4 = 119                                  
                                           |                                           
                                           |                                           
(no matching instance)                     |Instance: imc_crossbar_xpt_cap:xpt_0_2/sky 
                                           |  (1,3) = (119,3)                          
                                           |  2 = 3                                    
                                           |  4 = 119                                  
                                           |                                           
                                           |                                           
(no matching instance)                     |Instance: imc_crossbar_xpt_cap:xpt_0_2/imc 
                                           |  (1,3) = (24,2)                           
                                           |  2 = 3                                    
                                           |  4 = 119                                  
                                           |                                           
                                           |                                           
(no matching instance)                     |Instance: imc_crossbar_xpt_cap:xpt_0_2/sky 
                                           |  (1,3) = (119,3)                          
                                           |  2 = 3                                    
                                           |  4 = 119                                  
                                           |                                           
                                           |                                           
(no matching instance)                     |Instance: imc_crossbar_xpt_cap:xpt_0_2/imc 
                                           |  (1,3) = (24,2)                           
                                           |  2 = 3                                    
                                           |  4 = 119                                  
                                           |                                           
                                           |                                           
(no matching instance)                     |Instance: imc_crossbar_xpt_cap:xpt_1_2/sky 
                                           |  (1,3) = (119,3)                          
                                           |  2 = 3                                    
                                           |  4 = 119                                  
                                           |                                           
                                           |                                           
(no matching instance)                     |Instance: imc_crossbar_xpt_cap:xpt_1_2/imc 
                                           |  (1,3) = (24,2)                           
                                           |  2 = 3                                    
                                           |  4 = 119                                  
                                           |                                           
                                           |                                           
(no matching instance)                     |Instance: imc_crossbar_xpt_cap:xpt_1_2/sky 
                                           |  (1,3) = (119,3)                          
                                           |  2 = 3                                    
                                           |  4 = 119                                  
                                           |                                           
                                           |                                           
(no matching instance)                     |Instance: imc_crossbar_xpt_cap:xpt_1_2/imc 
                                           |  (1,3) = (24,2)                           
                                           |  2 = 3                                    
                                           |  4 = 119                                  
                                           |                                           
                                           |                                           
(no matching instance)                     |Instance: imc_crossbar_xpt_cap:xpt_1_2/sky 
                                           |  (1,3) = (119,3)                          
                                           |  2 = 3                                    
                                           |  4 = 119                                  
                                           |                                           
                                           |                                           
(no matching instance)                     |Instance: imc_crossbar_xpt_cap:xpt_1_2/imc 
                                           |  (1,3) = (24,2)                           
                                           |  2 = 3                                    
                                           |  4 = 119                                  
                                           |                                           
                                           |                                           
(no matching instance)                     |Instance: imc_crossbar_xpt_cap:xpt_1_2/sky 
                                           |  (1,3) = (119,3)                          
                                           |  2 = 3                                    
                                           |  4 = 119                                  
                                           |                                           
                                           |                                           
(no matching instance)                     |Instance: imc_crossbar_xpt_cap:xpt_1_2/imc 
                                           |  (1,3) = (24,2)                           
                                           |  2 = 3                                    
                                           |  4 = 119                                  
                                           |                                           
                                           |                                           
(no matching instance)                     |Instance: imc_crossbar_xpt_cap:xpt_2_2/sky 
                                           |  (1,3) = (119,3)                          
                                           |  2 = 3                                    
                                           |  4 = 119                                  
                                           |                                           
                                           |                                           
(no matching instance)                     |Instance: imc_crossbar_xpt_cap:xpt_2_2/imc 
                                           |  (1,3) = (24,2)                           
                                           |  2 = 3                                    
                                           |  4 = 119                                  
                                           |                                           
                                           |                                           
(no matching instance)                     |Instance: imc_crossbar_xpt_cap:xpt_2_2/sky 
                                           |  (1,3) = (119,3)                          
                                           |  2 = 3                                    
                                           |  4 = 119                                  
                                           |                                           
                                           |                                           
(no matching instance)                     |Instance: imc_crossbar_xpt_cap:xpt_2_2/imc 
                                           |  (1,3) = (24,2)                           
                                           |  2 = 3                                    
                                           |  4 = 119                                  
                                           |                                           
                                           |                                           
(no matching instance)                     |Instance: imc_crossbar_xpt_cap:xpt_2_2/sky 
                                           |  (1,3) = (119,3)                          
                                           |  2 = 3                                    
                                           |  4 = 119                                  
                                           |                                           
                                           |                                           
(no matching instance)                     |Instance: imc_crossbar_xpt_cap:xpt_2_2/imc 
                                           |  (1,3) = (24,2)                           
                                           |  2 = 3                                    
                                           |  4 = 119                                  
                                           |                                           
                                           |                                           
(no matching instance)                     |Instance: imc_crossbar_xpt_cap:xpt_2_2/sky 
                                           |  (1,3) = (119,3)                          
                                           |  2 = 3                                    
                                           |  4 = 119                                  
                                           |                                           
                                           |                                           
(no matching instance)                     |Instance: imc_crossbar_xpt_cap:xpt_2_2/imc 
                                           |  (1,3) = (24,2)                           
                                           |  2 = 3                                    
                                           |  4 = 119                                  
                                           |                                           
                                           |                                           
(no matching instance)                     |Instance: sky130_fd_pr__pfet_01v8:rst_inv_ 
                                           |  (1,3) = (113,5)                          
                                           |  2 = 5                                    
                                           |  4 = 113                                  
                                           |                                           
                                           |                                           
(no matching instance)                     |Instance: imc_crossbar_rst_sw:rst_sw_0/sky 
                                           |  (1,3) = (119,2)                          
                                           |  2 = 5                                    
                                           |  4 = 113                                  
                                           |                                           
                                           |                                           
(no matching instance)                     |Instance: imc_crossbar_xpt_cap:xpt_0_0/sky 
                                           |  (1,3) = (113,3)                          
                                           |  2 = 3                                    
                                           |  4 = 113                                  
                                           |                                           
                                           |                                           
(no matching instance)                     |Instance: imc_crossbar_xpt_cap:xpt_0_0/imc 
                                           |  (1,3) = (24,2)                           
                                           |  2 = 3                                    
                                           |  4 = 113                                  
                                           |                                           
                                           |                                           
(no matching instance)                     |Instance: imc_crossbar_xpt_cap:xpt_0_0/sky 
                                           |  (1,3) = (113,3)                          
                                           |  2 = 3                                    
                                           |  4 = 113                                  
                                           |                                           
                                           |                                           
(no matching instance)                     |Instance: imc_crossbar_xpt_cap:xpt_0_0/imc 
                                           |  (1,3) = (24,2)                           
                                           |  2 = 3                                    
                                           |  4 = 113                                  
                                           |                                           
                                           |                                           
(no matching instance)                     |Instance: imc_crossbar_xpt_cap:xpt_0_0/sky 
                                           |  (1,3) = (113,3)                          
                                           |  2 = 3                                    
                                           |  4 = 113                                  
                                           |                                           
                                           |                                           
(no matching instance)                     |Instance: imc_crossbar_xpt_cap:xpt_0_0/imc 
                                           |  (1,3) = (24,2)                           
                                           |  2 = 3                                    
                                           |  4 = 113                                  
                                           |                                           
                                           |                                           
(no matching instance)                     |Instance: imc_crossbar_xpt_cap:xpt_0_0/sky 
                                           |  (1,3) = (113,3)                          
                                           |  2 = 3                                    
                                           |  4 = 113                                  
                                           |                                           
                                           |                                           
(no matching instance)                     |Instance: imc_crossbar_xpt_cap:xpt_0_0/imc 
                                           |  (1,3) = (24,2)                           
                                           |  2 = 3                                    
                                           |  4 = 113                                  
                                           |                                           
                                           |                                           
(no matching instance)                     |Instance: imc_crossbar_xpt_cap:xpt_1_0/sky 
                                           |  (1,3) = (113,3)                          
                                           |  2 = 3                                    
                                           |  4 = 113                                  
                                           |                                           
                                           |                                           
(no matching instance)                     |Instance: imc_crossbar_xpt_cap:xpt_1_0/imc 
                                           |  (1,3) = (24,2)                           
                                           |  2 = 3                                    
                                           |  4 = 113                                  
                                           |                                           
                                           |                                           
(no matching instance)                     |Instance: imc_crossbar_xpt_cap:xpt_1_0/sky 
                                           |  (1,3) = (113,3)                          
                                           |  2 = 3                                    
                                           |  4 = 113                                  
                                           |                                           
                                           |                                           
(no matching instance)                     |Instance: imc_crossbar_xpt_cap:xpt_1_0/imc 
                                           |  (1,3) = (24,2)                           
                                           |  2 = 3                                    
                                           |  4 = 113                                  
                                           |                                           
                                           |                                           
(no matching instance)                     |Instance: imc_crossbar_xpt_cap:xpt_1_0/sky 
                                           |  (1,3) = (113,3)                          
                                           |  2 = 3                                    
                                           |  4 = 113                                  
                                           |                                           
                                           |                                           
(no matching instance)                     |Instance: imc_crossbar_xpt_cap:xpt_1_0/imc 
                                           |  (1,3) = (24,2)                           
                                           |  2 = 3                                    
                                           |  4 = 113                                  
                                           |                                           
                                           |                                           
(no matching instance)                     |Instance: imc_crossbar_xpt_cap:xpt_1_0/sky 
                                           |  (1,3) = (113,3)                          
                                           |  2 = 3                                    
                                           |  4 = 113                                  
                                           |                                           
                                           |                                           
(no matching instance)                     |Instance: imc_crossbar_xpt_cap:xpt_1_0/imc 
                                           |  (1,3) = (24,2)                           
                                           |  2 = 3                                    
                                           |  4 = 113                                  
                                           |                                           
                                           |                                           
(no matching instance)                     |Instance: imc_crossbar_xpt_cap:xpt_2_0/sky 
                                           |  (1,3) = (113,3)                          
                                           |  2 = 3                                    
                                           |  4 = 113                                  
                                           |                                           
                                           |                                           
(no matching instance)                     |Instance: imc_crossbar_xpt_cap:xpt_2_0/imc 
                                           |  (1,3) = (24,2)                           
                                           |  2 = 3                                    
                                           |  4 = 113                                  
                                           |                                           
                                           |                                           
(no matching instance)                     |Instance: imc_crossbar_xpt_cap:xpt_2_0/sky 
                                           |  (1,3) = (113,3)                          
                                           |  2 = 3                                    
                                           |  4 = 113                                  
                                           |                                           
                                           |                                           
(no matching instance)                     |Instance: imc_crossbar_xpt_cap:xpt_2_0/imc 
                                           |  (1,3) = (24,2)                           
                                           |  2 = 3                                    
                                           |  4 = 113                                  
                                           |                                           
                                           |                                           
(no matching instance)                     |Instance: imc_crossbar_xpt_cap:xpt_2_0/sky 
                                           |  (1,3) = (113,3)                          
                                           |  2 = 3                                    
                                           |  4 = 113                                  
                                           |                                           
                                           |                                           
(no matching instance)                     |Instance: imc_crossbar_xpt_cap:xpt_2_0/imc 
                                           |  (1,3) = (24,2)                           
                                           |  2 = 3                                    
                                           |  4 = 113                                  
                                           |                                           
                                           |                                           
(no matching instance)                     |Instance: imc_crossbar_xpt_cap:xpt_2_0/sky 
                                           |  (1,3) = (113,3)                          
                                           |  2 = 3                                    
                                           |  4 = 113                                  
                                           |                                           
                                           |                                           
(no matching instance)                     |Instance: imc_crossbar_xpt_cap:xpt_2_0/imc 
                                           |  (1,3) = (24,2)                           
                                           |  2 = 3                                    
                                           |  4 = 113                                  
                                           |                                           
                                           |                                           
(no matching instance)                     |Instance: imc_crossbar_rst_sw:rst_sw_1/sky 
                                           |  (1,3) = (119,2)                          
                                           |  2 = 5                                    
                                           |  4 = 113                                  
                                           |                                           
                                           |                                           
(no matching instance)                     |Instance: imc_crossbar_xpt_cap:xpt_0_1/sky 
                                           |  (1,3) = (113,3)                          
                                           |  2 = 3                                    
                                           |  4 = 113                                  
                                           |                                           
                                           |                                           
(no matching instance)                     |Instance: imc_crossbar_xpt_cap:xpt_0_1/imc 
                                           |  (1,3) = (24,2)                           
                                           |  2 = 3                                    
                                           |  4 = 113                                  
                                           |                                           
                                           |                                           
(no matching instance)                     |Instance: imc_crossbar_xpt_cap:xpt_0_1/sky 
                                           |  (1,3) = (113,3)                          
                                           |  2 = 3                                    
                                           |  4 = 113                                  
                                           |                                           
                                           |                                           
(no matching instance)                     |Instance: imc_crossbar_xpt_cap:xpt_0_1/imc 
                                           |  (1,3) = (24,2)                           
                                           |  2 = 3                                    
                                           |  4 = 113                                  
                                           |                                           
                                           |                                           
(no matching instance)                     |Instance: imc_crossbar_xpt_cap:xpt_0_1/sky 
                                           |  (1,3) = (113,3)                          
                                           |  2 = 3                                    
                                           |  4 = 113                                  
                                           |                                           
                                           |                                           
(no matching instance)                     |Instance: imc_crossbar_xpt_cap:xpt_0_1/imc 
                                           |  (1,3) = (24,2)                           
                                           |  2 = 3                                    
                                           |  4 = 113                                  
                                           |                                           
                                           |                                           
(no matching instance)                     |Instance: imc_crossbar_xpt_cap:xpt_0_1/sky 
                                           |  (1,3) = (113,3)                          
                                           |  2 = 3                                    
                                           |  4 = 113                                  
                                           |                                           
                                           |                                           
(no matching instance)                     |Instance: imc_crossbar_xpt_cap:xpt_0_1/imc 
                                           |  (1,3) = (24,2)                           
                                           |  2 = 3                                    
                                           |  4 = 113                                  
                                           |                                           
                                           |                                           
(no matching instance)                     |Instance: imc_crossbar_xpt_cap:xpt_1_1/sky 
                                           |  (1,3) = (113,3)                          
                                           |  2 = 3                                    
                                           |  4 = 113                                  
                                           |                                           
                                           |                                           
(no matching instance)                     |Instance: imc_crossbar_xpt_cap:xpt_1_1/imc 
                                           |  (1,3) = (24,2)                           
                                           |  2 = 3                                    
                                           |  4 = 113                                  
                                           |                                           
                                           |                                           
(no matching instance)                     |Instance: imc_crossbar_xpt_cap:xpt_1_1/sky 
                                           |  (1,3) = (113,3)                          
                                           |  2 = 3                                    
                                           |  4 = 113                                  
                                           |                                           
                                           |                                           
(no matching instance)                     |Instance: imc_crossbar_xpt_cap:xpt_1_1/imc 
                                           |  (1,3) = (24,2)                           
                                           |  2 = 3                                    
                                           |  4 = 113                                  
                                           |                                           
                                           |                                           
(no matching instance)                     |Instance: imc_crossbar_xpt_cap:xpt_1_1/sky 
                                           |  (1,3) = (113,3)                          
                                           |  2 = 3                                    
                                           |  4 = 113                                  
                                           |                                           
                                           |                                           
(no matching instance)                     |Instance: imc_crossbar_xpt_cap:xpt_1_1/imc 
                                           |  (1,3) = (24,2)                           
                                           |  2 = 3                                    
                                           |  4 = 113                                  
                                           |                                           
                                           |                                           
(no matching instance)                     |Instance: imc_crossbar_xpt_cap:xpt_1_1/sky 
                                           |  (1,3) = (113,3)                          
                                           |  2 = 3                                    
                                           |  4 = 113                                  
                                           |                                           
                                           |                                           
(no matching instance)                     |Instance: imc_crossbar_xpt_cap:xpt_1_1/imc 
                                           |  (1,3) = (24,2)                           
                                           |  2 = 3                                    
                                           |  4 = 113                                  
                                           |                                           
                                           |                                           
(no matching instance)                     |Instance: imc_crossbar_xpt_cap:xpt_2_1/sky 
                                           |  (1,3) = (113,3)                          
                                           |  2 = 3                                    
                                           |  4 = 113                                  
                                           |                                           
                                           |                                           
(no matching instance)                     |Instance: imc_crossbar_xpt_cap:xpt_2_1/imc 
                                           |  (1,3) = (24,2)                           
                                           |  2 = 3                                    
                                           |  4 = 113                                  
                                           |                                           
                                           |                                           
(no matching instance)                     |Instance: imc_crossbar_xpt_cap:xpt_2_1/sky 
                                           |  (1,3) = (113,3)                          
                                           |  2 = 3                                    
                                           |  4 = 113                                  
                                           |                                           
                                           |                                           
(no matching instance)                     |Instance: imc_crossbar_xpt_cap:xpt_2_1/imc 
                                           |  (1,3) = (24,2)                           
                                           |  2 = 3                                    
                                           |  4 = 113                                  
                                           |                                           
                                           |                                           
(no matching instance)                     |Instance: imc_crossbar_xpt_cap:xpt_2_1/sky 
                                           |  (1,3) = (113,3)                          
                                           |  2 = 3                                    
                                           |  4 = 113                                  
                                           |                                           
                                           |                                           
(no matching instance)                     |Instance: imc_crossbar_xpt_cap:xpt_2_1/imc 
                                           |  (1,3) = (24,2)                           
                                           |  2 = 3                                    
                                           |  4 = 113                                  
                                           |                                           
                                           |                                           
(no matching instance)                     |Instance: imc_crossbar_xpt_cap:xpt_2_1/sky 
                                           |  (1,3) = (113,3)                          
                                           |  2 = 3                                    
                                           |  4 = 113                                  
                                           |                                           
                                           |                                           
(no matching instance)                     |Instance: imc_crossbar_xpt_cap:xpt_2_1/imc 
                                           |  (1,3) = (24,2)                           
                                           |  2 = 3                                    
                                           |  4 = 113                                  
                                           |                                           
                                           |                                           
(no matching instance)                     |Instance: imc_crossbar_rst_sw:rst_sw_2/sky 
                                           |  (1,3) = (119,2)                          
                                           |  2 = 5                                    
                                           |  4 = 113                                  
                                           |                                           
                                           |                                           
(no matching instance)                     |Instance: imc_crossbar_xpt_cap:xpt_0_2/sky 
                                           |  (1,3) = (113,3)                          
                                           |  2 = 3                                    
                                           |  4 = 113                                  
                                           |                                           
                                           |                                           
(no matching instance)                     |Instance: imc_crossbar_xpt_cap:xpt_0_2/imc 
                                           |  (1,3) = (24,2)                           
                                           |  2 = 3                                    
                                           |  4 = 113                                  
                                           |                                           
                                           |                                           
(no matching instance)                     |Instance: imc_crossbar_xpt_cap:xpt_0_2/sky 
                                           |  (1,3) = (113,3)                          
                                           |  2 = 3                                    
                                           |  4 = 113                                  
                                           |                                           
                                           |                                           
(no matching instance)                     |Instance: imc_crossbar_xpt_cap:xpt_0_2/imc 
                                           |  (1,3) = (24,2)                           
                                           |  2 = 3                                    
                                           |  4 = 113                                  
                                           |                                           
                                           |                                           
(no matching instance)                     |Instance: imc_crossbar_xpt_cap:xpt_0_2/sky 
                                           |  (1,3) = (113,3)                          
                                           |  2 = 3                                    
                                           |  4 = 113                                  
                                           |                                           
                                           |                                           
(no matching instance)                     |Instance: imc_crossbar_xpt_cap:xpt_0_2/imc 
                                           |  (1,3) = (24,2)                           
                                           |  2 = 3                                    
                                           |  4 = 113                                  
                                           |                                           
                                           |                                           
(no matching instance)                     |Instance: imc_crossbar_xpt_cap:xpt_0_2/sky 
                                           |  (1,3) = (113,3)                          
                                           |  2 = 3                                    
                                           |  4 = 113                                  
                                           |                                           
                                           |                                           
(no matching instance)                     |Instance: imc_crossbar_xpt_cap:xpt_0_2/imc 
                                           |  (1,3) = (24,2)                           
                                           |  2 = 3                                    
                                           |  4 = 113                                  
                                           |                                           
                                           |                                           
(no matching instance)                     |Instance: imc_crossbar_xpt_cap:xpt_1_2/sky 
                                           |  (1,3) = (113,3)                          
                                           |  2 = 3                                    
                                           |  4 = 113                                  
                                           |                                           
                                           |                                           
(no matching instance)                     |Instance: imc_crossbar_xpt_cap:xpt_1_2/imc 
                                           |  (1,3) = (24,2)                           
                                           |  2 = 3                                    
                                           |  4 = 113                                  
                                           |                                           
                                           |                                           
(no matching instance)                     |Instance: imc_crossbar_xpt_cap:xpt_1_2/sky 
                                           |  (1,3) = (113,3)                          
                                           |  2 = 3                                    
                                           |  4 = 113                                  
                                           |                                           
                                           |                                           
(no matching instance)                     |Instance: imc_crossbar_xpt_cap:xpt_1_2/imc 
                                           |  (1,3) = (24,2)                           
                                           |  2 = 3                                    
                                           |  4 = 113                                  
                                           |                                           
                                           |                                           
(no matching instance)                     |Instance: imc_crossbar_xpt_cap:xpt_1_2/sky 
                                           |  (1,3) = (113,3)                          
                                           |  2 = 3                                    
                                           |  4 = 113                                  
                                           |                                           
                                           |                                           
(no matching instance)                     |Instance: imc_crossbar_xpt_cap:xpt_1_2/imc 
                                           |  (1,3) = (24,2)                           
                                           |  2 = 3                                    
                                           |  4 = 113                                  
                                           |                                           
                                           |                                           
(no matching instance)                     |Instance: imc_crossbar_xpt_cap:xpt_1_2/sky 
                                           |  (1,3) = (113,3)                          
                                           |  2 = 3                                    
                                           |  4 = 113                                  
                                           |                                           
                                           |                                           
(no matching instance)                     |Instance: imc_crossbar_xpt_cap:xpt_1_2/imc 
                                           |  (1,3) = (24,2)                           
                                           |  2 = 3                                    
                                           |  4 = 113                                  
                                           |                                           
                                           |                                           
(no matching instance)                     |Instance: imc_crossbar_xpt_cap:xpt_2_2/sky 
                                           |  (1,3) = (113,3)                          
                                           |  2 = 3                                    
                                           |  4 = 113                                  
                                           |                                           
                                           |                                           
(no matching instance)                     |Instance: imc_crossbar_xpt_cap:xpt_2_2/imc 
                                           |  (1,3) = (24,2)                           
                                           |  2 = 3                                    
                                           |  4 = 113                                  
                                           |                                           
                                           |                                           
(no matching instance)                     |Instance: imc_crossbar_xpt_cap:xpt_2_2/sky 
                                           |  (1,3) = (113,3)                          
                                           |  2 = 3                                    
                                           |  4 = 113                                  
                                           |                                           
                                           |                                           
(no matching instance)                     |Instance: imc_crossbar_xpt_cap:xpt_2_2/imc 
                                           |  (1,3) = (24,2)                           
                                           |  2 = 3                                    
                                           |  4 = 113                                  
                                           |                                           
                                           |                                           
(no matching instance)                     |Instance: imc_crossbar_xpt_cap:xpt_2_2/sky 
                                           |  (1,3) = (113,3)                          
                                           |  2 = 3                                    
                                           |  4 = 113                                  
                                           |                                           
                                           |                                           
(no matching instance)                     |Instance: imc_crossbar_xpt_cap:xpt_2_2/imc 
                                           |  (1,3) = (24,2)                           
                                           |  2 = 3                                    
                                           |  4 = 113                                  
                                           |                                           
                                           |                                           
(no matching instance)                     |Instance: imc_crossbar_xpt_cap:xpt_2_2/sky 
                                           |  (1,3) = (113,3)                          
                                           |  2 = 3                                    
                                           |  4 = 113                                  
                                           |                                           
                                           |                                           
(no matching instance)                     |Instance: imc_crossbar_xpt_cap:xpt_2_2/imc 
                                           |  (1,3) = (24,2)                           
                                           |  2 = 3                                    
                                           |  4 = 113                                  
                                           |                                           
---------------------------------------------------------------------------------------
Netlists do not match.
Port matching may fail to disambiguate symmetries.

Subcircuit pins:
Circuit 1: imc_crossbar_flat               |Circuit 2: imc_crossbar                    
-------------------------------------------|-------------------------------------------
y2                                         |wb_120 **Mismatch**                        
x2                                         |wb_220 **Mismatch**                        
x0                                         |wb_221 **Mismatch**                        
x1                                         |wb_222 **Mismatch**                        
(no pin, node is a_n633_n652#)             |x0                                         
(no pin, node is a_n633_n652#)             |x1                                         
(no pin, node is a_n633_n652#)             |x2                                         
(no pin, node is a_n633_n652#)             |y0                                         
(no pin, node is a_n633_n652#)             |y1                                         
(no pin, node is a_n633_n652#)             |y2                                         
(no pin, node is a_n633_n652#)             |wb_000                                     
(no pin, node is a_n633_n652#)             |wb_001                                     
(no pin, node is a_n633_n652#)             |wb_002                                     
(no pin, node is a_n633_n652#)             |wb_003                                     
(no pin, node is a_n633_n652#)             |wb_010                                     
(no pin, node is a_n633_n652#)             |wb_011                                     
(no pin, node is a_n633_n652#)             |wb_012                                     
(no pin, node is a_n633_n652#)             |wb_013                                     
(no pin, node is a_n633_n652#)             |wb_020                                     
(no pin, node is a_n633_n652#)             |wb_021                                     
(no pin, node is a_n633_n652#)             |wb_022                                     
(no pin, node is a_n633_n652#)             |wb_023                                     
(no pin, node is a_n633_n652#)             |wb_100                                     
(no pin, node is a_n633_n652#)             |wb_101                                     
(no pin, node is a_n633_n652#)             |wb_102                                     
(no pin, node is a_n633_n652#)             |wb_103                                     
(no pin, node is a_n633_n652#)             |wb_110                                     
(no pin, node is a_n633_n652#)             |wb_111                                     
(no pin, node is a_n633_n652#)             |wb_112                                     
(no pin, node is a_n633_n652#)             |wb_113                                     
(no pin, node is a_n633_n652#)             |wb_121                                     
(no pin, node is a_n633_n652#)             |wb_122                                     
(no pin, node is a_n633_n652#)             |wb_123                                     
(no pin, node is a_n633_n652#)             |wb_200                                     
(no pin, node is a_n633_n652#)             |wb_201                                     
(no pin, node is a_n633_n652#)             |wb_202                                     
(no pin, node is a_n633_n652#)             |wb_203                                     
(no pin, node is a_n633_n652#)             |wb_210                                     
(no pin, node is a_n633_n652#)             |wb_211                                     
(no pin, node is a_n633_n652#)             |wb_212                                     
(no pin, node is a_n633_n652#)             |wb_213                                     
(no pin, node is a_n633_n652#)             |wb_223                                     
(no pin, node is a_n633_n652#)             |rst                                        
(no pin, node is a_n633_n652#)             |vdd                                        
(no pin, node is a_n633_n652#)             |vss                                        
vdd                                        |(no matching pin)                          
vss                                        |(no matching pin)                          
rst                                        |(no matching pin)                          
---------------------------------------------------------------------------------------
Cell pin lists for imc_crossbar_flat and imc_crossbar altered to match.
Device classes imc_crossbar_flat and imc_crossbar are equivalent.

Final result: Top level cell failed pin matching.
